type,business_name,email,username,phone,city,password,website,facebook,instagram,twitter,linkedin,whatsapp,logo,place_id
dealer,"Jan Japan Zambia LTD",biz.janjapanzambialtd.zMruNo@motorlink.test,jan_japan_zambia_ltd,"097 5494438",Lilongwe,nwVUbNR@@wmH,https://janjapan.com/,https://www.facebook.com/janjapanglobal,,https://twitter.com/janjapanglobal,https://www.linkedin.com/company/jan-japan,,yes,ChIJeyPuQEbzQBkRHao4FzMruNo
dealer,"STC Japanese Used Vehicles & Brand New Cars",biz.stcjapaneseusedvehic.cBidHQ@motorlink.test,stc_japanese_used_vehicles_b,070-3861-4493,Lilongwe,aVVkUfeDSTUK,https://stcjapan.net/,https://www.facebook.com/sobantradingcompany,https://www.instagram.com/stcjapan5,https://twitter.com/stcjapan,https://www.linkedin.com/in/stc-japan-2a5638146,https://wa.me/818080870980,yes,ChIJX6URxLDpGGARS-OwpcBidHQ
dealer,"Moiz Motors Limited - We deal in New and Used Japanese Vehicles",biz.moizmotorslimitedwed.dD4Fz8@motorlink.test,moiz_motors_limited_we_deal_,"0706 232325",Lilongwe,Dtb4mkXSu8K9,,,,,,,yes,ChIJO6Z9V7YSQBgRzwIrXdD4Fz8
dealer,"MOZ MOTOR JAPAN",biz.mozmotorjapan.pLhfsE@motorlink.test,moz_motor_japan,"21 422 729",Lilongwe,8H7bbNsdE4fc,http://mozmotorjapan.com/,https://www.facebook.com/MOZ,,,,https://wa.me/258852532000,yes,ChIJH4s3-jqb5h4RECbMupLhfsE
dealer,"M.Azam japan cars showroom",biz.mazamjapancarsshowro.A3QSEc@motorlink.test,m_azam_japan_cars_showroom,"0711 565 656",Lilongwe,5!AbD8ddSDwR,,,,,,,no,ChIJGe8vdeLbXBgRQ3yFYA3QSEc
dealer,"TN uk auto electro deals",biz.tnukautoelectrodeals.y27j9g@motorlink.test,tn_uk_auto_electro_deals,"0990 87 58 70",Salima,95Vr46rqrSjg,,,,,,,yes,ChIJ5VcpeeYBIBkRh6H1ry27j9g
dealer,"Afumu Auto-Electrical and Mechanics",biz.afumuautoelectricala.Jf5Fh8@motorlink.test,afumu_auto_electrical_and_me,"0999 37 71 70",Salima,NJ3c3XeRW38K,,,,,,,yes,ChIJAXbV5e4BIBkRA8udDJf5Fh8
dealer,"Land rover Major Auto",biz.landrovermajorauto.w5O9Zg@motorlink.test,land_rover_major_auto,"0882 25 38 88",Salima,tC6sKg9KKjGE,,,,,,,yes,ChIJFQJrBY0BIBkRzE7IRw5O9Zg
dealer,"Paul baulen chimwendo",biz.paulbaulenchimwendo.9w3n0w@motorlink.test,paul_baulen_chimwendo,,Lilongwe,NPWfGHxNS@37,,,,,,,no,ChIJB-8jQAABIBkRch1S19w3n0w
dealer,"Zima Autos",biz.zimaautos.gXt_l4@motorlink.test,zima_autos,"0806 359 5270",Lilongwe,JtVAKtTy!QDY,https://www.zimaautos.com/,https://www.facebook.com/thezimaautos,https://www.instagram.com/zimaautos,,,,yes,ChIJC8RN2tV1ThARbivtYgXt_l4
dealer,"Lotus auto parts",biz.lotusautoparts.jy0P6c@motorlink.test,lotus_auto_parts,"0993 80 18 87",Salima,HgDgTANzb5my,,,,,,,yes,ChIJnQafUq0BIBkRvJJhljy0P6c
dealer,"CFAO Mobility Malawi Ltd - TBU",biz.cfaomobilitymalawilt.-jeIBc@motorlink.test,cfao_mobility_malawi_ltd_tbu,,Blantyre,btKtfC2sJnxy,,,,,,,no,ChIJR0qSRgBP2BgR7meG9-jeIBc
dealer,Kaolemayani,biz.kaolemayani.U4j7FI@motorlink.test,kaolemayani,,Salima,ZGRmFRbSA24p,,,,,,,no,ChIJb0_FBAABIBkRmVS0_U4j7FI
dealer,"Salim Auto Co.Ltd",biz.salimautocoltd.7nkkUE@motorlink.test,salim_auto_co_ltd_2,"418 2063",Lilongwe,h5TbX!vHt@vs,http://salimauto.co/,https://www.facebook.com/salimauto.co,,,,https://wa.me/23052564870,yes,ChIJLbo7tqNafCERJTnOp7nkkUE
dealer,"Salima Customs & Excise",biz.salimacustomsexcise.5DUy7U@motorlink.test,salima_customs_excise,"01 262 231",Salima,4U6ctfhxXxuY,http://www.mra.mw/,,,,,,no,ChIJD1SWwucBIBkRFjhd05DUy7U
dealer,"Assemblies of God - Salima",biz.assembliesofgodsalim.tk0WVI@motorlink.test,assemblies_of_god_salima,,Salima,EU@cxnxT3Nz7,,,,,,,yes,ChIJP4uoRI4BIBkRlTRz9tk0WVI
dealer,"Dedza Pottery and Lodge",biz.dedzapotteryandlodge.aasO3Q@motorlink.test,dedza_pottery_and_lodge,"0888 85 34 25",Lilongwe,WdvX2Y!TN@sZ,https://www.dedza-pottery.com/,https://www.facebook.com/dedzapottery,https://www.instagram.com/dedzapottery,,,,yes,ChIJWylBGxpjIBkR9kqDiaasO3Q
dealer,Dedza,biz.dedza.X6L9wQ@motorlink.test,dedza,,Dedza,msnbn6RyDs6M,,,,,,,yes,ChIJQYppHyt9IBkR75O4rX6L9wQ
dealer,"YAF JAPAN MOTORS LIMITED",biz.yafjapanmotorslimite.aMYu9E@motorlink.test,yaf_japan_motors_limited,"0787 445566",Lilongwe,vtWVJNUYjwW6,http://www.yaf.co.ke/,https://www.facebook.com/Yaf.jpMotors,https://www.instagram.com/yaf.japan.motors,,,,yes,ChIJ53QEtQwTQBgRhfmhCaMYu9E
dealer,"Dedza Border, Malawi.",biz.dedzabordermalawi.BjsYJ4@motorlink.test,dedza_border_malawi,"0980 41 20 80",Dedza,cwC9V#jGHdbr,,,,,,,yes,ChIJNR7mTABjIBkRDhGZwBjsYJ4
dealer,"MRA Dedza Customs & Excise",biz.mradedzacustomsexcis.G9tids@motorlink.test,mra_dedza_customs_excise,"01 223 153",Lilongwe,khj5uTb6uWDg,,,,,,,yes,ChIJBQKWUE1jIBkR5hmuKG9tids
dealer,"Dedza Mountain View Lodge",biz.dedzamountainviewlod.MOQ-do@motorlink.test,dedza_mountain_view_lodge,"0888 62 89 00",Dedza,wCBMSt6MwnTR,,,,,,,yes,ChIJa39UG89iIBkR9q4orMOQ-do
dealer,"Dedza Mount Meru",biz.dedzamountmeru.Rz0MZo@motorlink.test,dedza_mount_meru,,Dedza,#bt3!DvER5uA,,,,,,,yes,ChIJ6aTENABjIBkR4jWaiRz0MZo
dealer,"Road Traffic Department",biz.roadtrafficdepartmen.aQdiBw@motorlink.test,road_traffic_department,"0995 00 84 82",Blantyre,52YghfzX8XSY,http://drtss.gov.mw/,,,,,,no,ChIJX5JcVZdF2BgRzQWidaQdiBw
dealer,"TAS MOTORS",biz.tasmotors.bIXmyc@motorlink.test,tas_motors,,Lilongwe,RJYQ3FNTSt4D,,,,,,,yes,ChIJJ66LozhF2BgRNziC_bIXmyc
dealer,"Chris car dealer",biz.chriscardealer.NwJarQ@motorlink.test,chris_car_dealer,,Lilongwe,Ca#p!KkgG8DT,,,,,,,no,ChIJB3iBVarXHBkRC4Mu0NwJarQ
dealer,"CHINKO AUTOMOTIVE SERVICES",biz.chinkoautomotiveserv.YjGt3c@motorlink.test,chinko_automotive_services,"0889 56 82 42",Mangochi,Ate7EVgb4@zM,,,,,,,yes,ChIJ1YNBFxzj3hgRFsHDoYjGt3c
dealer,"Makhalichi Car Service and Autoparts",biz.makhalichicarservice.3EHdew@motorlink.test,makhalichi_car_service_and_a,"0999 52 53 89",Lilongwe,CZ@PBMWSKPWh,http://www.makhalichi.blogspot.com/,,,,,,no,ChIJCwrSewDP2RgRlBWGF3EHdew
dealer,"PRECIOUS MOTORCYCLE GARAGE",biz.preciousmotorcyclega.gtiIFc@motorlink.test,precious_motorcycle_garage,"0985 82 52 30",Mchinji,5kMaCV@8Y#As,,,,,,,no,ChIJbU0Nveq7GBkRkfTT4gtiIFc
dealer,"Wheel master tyre fitting",biz.wheelmastertyrefitti.w-seVs@motorlink.test,wheel_master_tyre_fitting,,Mchinji,y4yuFH8y77cX,,,,,,,no,ChIJr4EUBQC7GBkRfxIzFw-seVs
dealer,"Mchinji Border Station",biz.mchinjiborderstation.X1yKHM@motorlink.test,mchinji_border_station,"0992 99 10 06",Mchinji,tszsMVGWhhcb,http://www.mra.mw/,,,,,,yes,ChIJ5csdInK_GBkRlyyVgX1yKHM
dealer,"Mchinji Assemblies Of God",biz.mchinjiassembliesofg.i6CA34@motorlink.test,mchinji_assemblies_of_god,"0997 01 00 44",Mchinji,CK8@JEu3455J,,,,,,,no,ChIJY5Za3n66GBkRTy7oWi6CA34
dealer,"Mchinji boarder tax rank",biz.mchinjiboardertaxran.cuy5zc@motorlink.test,mchinji_boarder_tax_rank,,Mchinji,#GvNzQftT3FE,,,,,,,no,ChIJc175LAC7GBkRyDihKcuy5zc
dealer,"Minibus deport",biz.minibusdeport.rPN1bI@motorlink.test,minibus_deport,,Mchinji,mmZ95d2X6xax,,,,,,,no,ChIJT_NzHwC7GBkRsKraXrPN1bI
dealer,Brantley,biz.brantley.qf1sV8@motorlink.test,brantley,,Lilongwe,9g2tUafKv!gP,,,,,,,no,ChIJXSeN68HPHxkRfp3bwqf1sV8
dealer,"Elias Motorcycle Spares and Services",biz.eliasmotorcyclespare.2PEDLM@motorlink.test,elias_motorcycle_spares_and_,,Nkhotakota,@KZC2cgU5954,,,,,,,no,ChIJp_ENiWc7HhkR8sp3X2PEDLM
dealer,"Autocom Japan Moçambique Lda - Maputo Office",biz.autocomjapanmoambiqu.gCrpWE@motorlink.test,autocom_japan_mo_ambique_lda,"84 858 4088",Lilongwe,MkPaTBRRpSsd,http://www.autocj.co.jp/autocom_mozambique,https://www.facebook.com/AutocomJapanInc,https://www.instagram.com/autocom_japan_inc,https://twitter.com/Autocom_Japan,,https://wa.me/258848584088,yes,ChIJi_ojIK-b5h4R05vgogCrpWE
dealer,"Jan International Limited",biz.janinternationallimi.WrzwcA@motorlink.test,jan_international_limited,"0779 999 244",Lilongwe,WMqZsZv@R8dx,http://www.janjapan.com/,https://www.facebook.com/janjapanglobal,,https://twitter.com/janjapanglobal,https://www.linkedin.com/company/jan-japan,,no,ChIJ5VHQFyVxzhkRsHVBRWrzwcA
dealer,"Elias Motorcycle Spares and Services",biz.eliasmotorcyclespare.WQ8U_Y@motorlink.test,elias_motorcycle_spares__2,"0881 82 40 09",Nkhotakota,Py9AUvVS!x6a,,,,,,,yes,ChIJjVmVjQ47HhkRC8EnnWQ8U_Y
dealer,"Nkhotakota Pottery Lodge",biz.nkhotakotapotterylod.TtPgSw@motorlink.test,nkhotakota_pottery_lodge,"0884 58 10 98",Nkhotakota,mscxbn2MrdaQ,https://www.nkhotakota-pottery-lodge.com/,,,,,,yes,ChIJ375KP8AxHhkRy1ELzTtPgSw
dealer,"Lakeshore Motors And Logistics",biz.lakeshoremotorsandlo.Lq3EIs@motorlink.test,lakeshore_motors_and_logisti,"0881 47 48 77",Nkhotakota,C#nukSf6vT#v,,,,,,,no,ChIJbQCffwDPHxkRudIfLLq3EIs
dealer,Nkhotakota,biz.nkhotakota.TfVCN8@motorlink.test,nkhotakota,,Nkhotakota,yxvzEnbBk#MW,,,,,,,yes,ChIJpWCIzaE7HhkRW7lBWTfVCN8
dealer,"Meru Nkhotakhota filling station",biz.merunkhotakhotafilli.ye3ymI@motorlink.test,meru_nkhotakhota_filling_sta,"0996 17 68 18",Nkhotakota,e5EJPEfa8@5N,,,,,,,yes,ChIJo3_PAMw7HhkRJ6CTOye3ymI
dealer,"Sitima Inn",biz.sitimainn.KL_-m0@motorlink.test,sitima_inn,,Nkhotakota,u9whK4K7EMNa,,,,,,,yes,ChIJ2Q7aPGU7HhkR8adF9KL_-m0
dealer,"Livingstone tree",biz.livingstonetree.QhUUMc@motorlink.test,livingstone_tree,,Nkhotakota,QrJgM6cCnUVk,,,,,,,yes,ChIJ-8SH1BE7HhkRxoqmTQhUUMc
dealer,"Anyati Car dealership",biz.anyaticardealership.HHTgLM@motorlink.test,anyati_car_dealership,"0996 86 88 66",Balaka,exaVaQDzGm78,,,,,,,yes,ChIJWVGLZNTN2BgRYVDwtHHTgLM
dealer,"Kepha Motorcycles dealerships",biz.kephamotorcyclesdeal.ldRxgM@motorlink.test,kepha_motorcycles_dealership,"0993 68 64 74",Salima,d6n7#vePyNTm,,,,,,,yes,ChIJZaBA_7GNHxkRYCuQYldRxgM
dealer,Nanah,biz.nanah.-HW7po@motorlink.test,nanah,,Dowa,hmM5XAF6zz#c,,,,,,,no,ChIJ2RElOQCbHxkRXCnD6-HW7po
dealer,"Dowa District Council",biz.dowadistrictcouncil.Ykirgk@motorlink.test,dowa_district_council,,Dowa,RfASYUcFvUJz,,,,,,,yes,ChIJe0ZO_AubHxkRitDmOYkirgk
dealer,"Bujah kalindeSelling used car and spairparts",biz.bujahkalindesellingu.bZ-DPw@motorlink.test,bujah_kalindeselling_used_ca,"0997 17 03 39",Ntcheu,a@n5S9VJ@b#g,,,,,,,no,ChIJtfdIRw1b3xgRmiJIEbZ-DPw
dealer,"Ntcheu kips",biz.ntcheukips.R4xtwc@motorlink.test,ntcheu_kips,"0981 21 33 02",Ntcheu,wrutNZ6uXewY,,,,,,,yes,ChIJEXzpIIZb3xgRxskV2R4xtwc
dealer,"Rock of Ages Hardware",biz.rockofageshardware.zL8nvY@motorlink.test,rock_of_ages_hardware,"0993 97 68 30",Ntcheu,#xzPPUXHVRKr,,,,,,,yes,ChIJAdIHXApb3xgRIQMTUzL8nvY
dealer,"Ntcheu Bus Depot",biz.ntcheubusdepot.aBwCQ4@motorlink.test,ntcheu_bus_depot,,Ntcheu,NJwC8jXv4PhM,,,,,,,yes,ChIJDQlQDQlb3xgRAgWWdaBwCQ4
dealer,"TotalEnergies Ntcheu Service Station",biz.totalenergiesntcheus.XDTQCU@motorlink.test,totalenergies_ntcheu_service,"0888 69 99 99",Ntcheu,UUMEX352ufhH,https://mw.totalenergies.com/,,,,,,yes,ChIJudpKFk1a3xgRPXE_pXDTQCU
dealer,"TotalEnergies Balaka Service Station",biz.totalenergiesbalakas.vftfKI@motorlink.test,totalenergies_balaka_service,"0995 67 33 48",Balaka,jFktUqUvdcm@,https://mw.totalenergies.com/,,,,,,yes,ChIJtTmDQC5j3xgRCdfgXvftfKI
dealer,"Puma Energy Malawi Balaka Service Station",biz.pumaenergymalawibala.LfvAyg@motorlink.test,puma_energy_malawi_balaka_se,"0995 20 61 60",Balaka,!S6dkwuEBXth,https://pumaenergy.com/country/malawi-2/,https://www.facebook.com/PumaEnergy,,,https://www.linkedin.com/company/puma-energy,,yes,ChIJLdT8K4LM2BgRRVITDLfvAyg
dealer,"Cars advert",biz.carsadvert.oVJZRI@motorlink.test,cars_advert,"0987 55 46 05",Lilongwe,9PYff5YUh#@u,,,,,,,no,ChIJp_6D37MrIBkRdClfuoVJZRI
dealer,"Kanengo ATC Head Office",biz.kanengoatcheadoffice.7FvzU0@motorlink.test,kanengo_atc_head_office,"0887 37 66 34",Lilongwe,yt762MXu2KRc,,,,,,,yes,ChIJiVwJSdIqIBkRDxtK77FvzU0
dealer,Kanengo,biz.kanengo.iFcC-Q@motorlink.test,kanengo,,Lilongwe,eg4fjXYQAX5T,,,,,,,no,ChIJlWBIAQDVIRkR_KVrYiFcC-Q
dealer,"Kamkango logistics",biz.kamkangologistics.pjc2K8@motorlink.test,kamkango_logistics,"0997 30 68 21",Lilongwe,Yud6EjX94j!E,,,,,,,no,ChIJheVG7KrTIRkRoH38_pjc2K8
dealer,"Kanengo Electrical Solutions",biz.kanengoelectricalsol.kc-ZRs@motorlink.test,kanengo_electrical_solutions,"0995 64 62 85",Lilongwe,4sueP8CknjXD,,,,,,,yes,ChIJEz-Bc7PVIRkRacD_Ckc-ZRs
dealer,"ALVIN EXPERT auto chigwe",biz.alvinexpertautochigw.hme_1A@motorlink.test,alvin_expert_auto_chigwe,"0991 61 91 60",Kasungu,S43uFDUneBdk,,,,,,,yes,ChIJ30YdO-DpHhkRwMLPwhme_1A
dealer,"SGV Electric Mobility",biz.sgvelectricmobility.nQCYHE@motorlink.test,sgv_electric_mobility,"0883 52 53 79",Lilongwe,dXkaWt@2TszZ,http://www.sgvelectricmobility.com/,https://www.facebook.com/SGVElectricmobility,https://www.instagram.com/sgvelectricmobility,,https://www.linkedin.com/company/sgv-electric-mobility,,yes,ChIJJ7ll327VIRkRaHqZcnQCYHE
dealer,"Cartrack Malawi Lilongwe office",biz.cartrackmalawililong.CH3798@motorlink.test,cartrack_malawi_lilongwe_off,"0883 35 08 37",Lilongwe,x7Kh5KtCE#yS,,,,,,,yes,ChIJ1ynpbbHUIRkR8516TCH3798
dealer,"A-Jays Car Rental",biz.ajayscarrental.rzWoFU@motorlink.test,a_jays_car_rental,"0999 97 47 50",Lilongwe,DrKJC2!dBqGN,,,,,,,yes,ChIJ-5Yv6GrVIRkRwnAFvrzWoFU
dealer,"Motor Trends Mw",biz.motortrendsmw.4ayivk@motorlink.test,motor_trends_mw,"0998 26 86 14",Lilongwe,2JZH@!UCmRdJ,,,,,,,yes,ChIJc1r1KCbVIRkRRXYj24ayivk
dealer,"Mersaac Motor Services",biz.mersaacmotorservices.0lfk9I@motorlink.test,mersaac_motor_services,"0992 61 99 18",Lilongwe,zUunaGzKEYv5,,,,,,,yes,ChIJcbH-tlDVIRkRg8LUc0lfk9I
dealer,"DMC Autostyle",biz.dmcautostyle.Qcq-Rw@motorlink.test,dmc_autostyle,"0999 55 79 91",Lilongwe,Jrbp87HaXRuc,https://www.dmcautostyle.com/,,,,,,yes,ChIJudxoy23VIRkRzPvjUQcq-Rw
dealer,"25 motors",biz.25motors.0g-86M@motorlink.test,25_motors,,Lilongwe,NrPujcGVfa95,,,,,,,no,ChIJzezIawDVIRkRGzHd-0g-86M
dealer,"Urban motor works",biz.urbanmotorworks.d4O_f0@motorlink.test,urban_motor_works,"0998 73 11 73",Lilongwe,GWujW#5rcrXt,,,,,,,yes,ChIJi3EdaADVIRkR-40qLd4O_f0
dealer,"Area 25 C Market (Pambuzi)",biz.area25cmarketpambuzi.gSnSJU@motorlink.test,area_25_c_market_pambuzi,,Lilongwe,w#RSb!xtKDyC,,,,,,,yes,ChIJ822krRTVIRkRQypa4gSnSJU
dealer,"Smooth Car Rental",biz.smoothcarrental.8xYkSo@motorlink.test,smooth_car_rental,"0992 74 13 37",Lilongwe,Gmps@K7fSgCN,,,,,,,yes,ChIJTxS65izVIRkRMX_2v8xYkSo
dealer,"JAYEE CAR RENTAL",biz.jayeecarrental.gjePLE@motorlink.test,jayee_car_rental,,Lilongwe,eFZ2FXtfs6eg,,,,,,,no,ChIJfzT8uuJ_HxkRkD5PWgjePLE
dealer,"The Gateway Mall",biz.thegatewaymall.7rRp-Y@motorlink.test,the_gateway_mall,"07982 974033",Lilongwe,ea@KCxBuaXvj,https://gatewaymallmalawi.com/,https://www.facebook.com/thegatewaymall,https://www.instagram.com/gatewaymallmalawi,https://twitter.com/GatewayMalawi,,,yes,ChIJq1PiBUbTIRkRw9Au77rRp-Y
dealer,"Area 47",biz.area47.rhStyI@motorlink.test,area_47,,Lilongwe,ezx@a!F#V2xq,,,,,,,yes,ChIJkd2GWZ7TIRkRc8jWmrhStyI
dealer,"TotalEnergies Area 47 Service Station",biz.totalenergiesarea47s.3KwHyI@motorlink.test,totalenergies_area_47_servic,,Lilongwe,uF64ASMRc3uE,https://mw.totalenergies.com/,,,,,,yes,ChIJjcjYX9QVHxkReH2xd3KwHyI
dealer,"Kajani Car Hire",biz.kajanicarhire.bGTxoI@motorlink.test,kajani_car_hire,"0999 35 95 40",Lilongwe,3mC8ejUyAAYt,,,,,,,yes,ChIJcXF7KcfTIRkRmrb5ebGTxoI
dealer,"Area 47 Sector 3 Trading Centre",biz.area47sector3trading.NuTo3I@motorlink.test,area_47_sector_3_trading_cen,"0991 33 25 36",Lilongwe,mh#AgmAEtFUx,,,,,,,no,ChIJkXR-hizTIRkR5vRFrNuTo3I
dealer,"Fastlane Car wash",biz.fastlanecarwash.S7MUMA@motorlink.test,fastlane_car_wash,,Lilongwe,saKktcqAwHmb,,,,,,,yes,ChIJPeGU3MvTIRkR3QmADS7MUMA
dealer,"Area 47 sector 3",biz.area47sector3.qfg_9I@motorlink.test,area_47_sector_3,,Lilongwe,JjQTk7fApMNc,,,,,,,no,ChIJG9RVJgDTIRkRKIvaOqfg_9I
dealer,"Rose Garden, Area 47, LL",biz.rosegardenarea47ll.S5Q_w4@motorlink.test,rose_garden_area_47_ll,,Lilongwe,PQgDnVesCqtw,,,,,,,yes,ChIJNSOxGvPVIRkRsWchfS5Q_w4
dealer,"Frenod & Vit Freight",biz.frenodvitfreight.yRJL6U@motorlink.test,frenod_vit_freight,"0998 75 45 34",Lilongwe,p9CcdKBVqzmm,,,,,,,yes,ChIJ-TjbU9stIBkR1huYhyRJL6U
dealer,"Klassiq Rent A Car",biz.klassiqrentacar.gpgczw@motorlink.test,klassiq_rent_a_car,"0999 41 19 55",Lilongwe,cPnBBJD!HX!X,,,,,,,yes,ChIJ49FqiYLTIRkR3GGQygpgczw
dealer,"Area 47/1 Police Station",biz.area471policestation.66mL6k@motorlink.test,area_47_1_police_station,,Lilongwe,gY5u7MhDEQ93,,,,,,,no,ChIJ4wYJ72vTIRkREfTHK66mL6k
dealer,"City Mall",biz.citymall.ScUBe4@motorlink.test,city_mall,,Lilongwe,7!VcwhWH8DpE,,,,,,,yes,ChIJGyUe7NjTIRkRgEoETScUBe4
dealer,"YAWACHI MOTOR VECHLE SPECIAL LIST GARGA",biz.yawachimotorvechlesp.JniuMo@motorlink.test,yawachi_motor_vechle_special,"0999 56 13 69",Lilongwe,f!zNT5N!j8sX,,,,,,,no,ChIJ10U_pF7TIRkRKmKkLJniuMo
dealer,"East Motors",biz.eastmotors.2PBXAM@motorlink.test,east_motors,,Lilongwe,F3ghksQVSxEy,,,,,,,no,ChIJAXmerxfTIRkRDi5eb2PBXAM
dealer,"Malangalanga Business Market Center",biz.malangalangabusiness.k7M-tM@motorlink.test,malangalanga_business_market,,Lilongwe,wyXMrm42HUAw,,,,,,,yes,ChIJ6TY9rnHTIRkRtAjrjk7M-tM
dealer,"UNIQUE CAR CLINIC",biz.uniquecarclinic.tuSPzI@motorlink.test,unique_car_clinic,"0996 96 03 28",Lilongwe,AbJARsAgva9e,,,,,,,no,ChIJA0jA-cjTIRkR5ID2HtuSPzI
dealer,Biwi,biz.biwi.zruvPY@motorlink.test,biwi,,Lilongwe,M6W6CuJ6NZ3y,,,,,,,yes,ChIJNVgJZwFrHxkRjm7eDzruvPY
dealer,"Quizologistic auto mobile",biz.quizologisticautomob.1M-B1U@motorlink.test,quizologistic_auto_mobile,"0995 07 80 80",Lilongwe,Vcb88cnCekqj,,,,,,,no,ChIJT7Q_4qvTIRkRy0Gc21M-B1U
dealer,"Thuyamizi Import and Export",biz.thuyamiziimportandex.CT4ZXw@motorlink.test,thuyamizi_import_and_export,"0994 03 79 54",Lilongwe,7vJ!QnD!hbVK,,,,,,,yes,ChIJ29l61g7TIRkRY4vfdCT4ZXw
dealer,"Car parts mazda",biz.carpartsmazda.h5H3Fg@motorlink.test,car_parts_mazda,,Lilongwe,ZQQBnXsQ4D#V,,,,,,,no,ChIJ2bbnSQDTIRkRRh-FBh5H3Fg
dealer,"LOVEMAS MOTORS",biz.lovemasmotors.tz7MiY@motorlink.test,lovemas_motors,"0999 51 30 17",Lilongwe,6@Bp2z3Ftx8b,,,,,,,yes,ChIJNZcR32EtIBkRWiuAatz7MiY
dealer,Kawale,biz.kawale.qXVPLE@motorlink.test,kawale,,Lilongwe,Zz6bEJjECc5z,,,,,,,no,ChIJbUcfOwAtIBkR3esk7qXVPLE
dealer,"Kawale Filling Station",biz.kawalefillingstation.wzBx14@motorlink.test,kawale_filling_station,"0993 10 07 84",Lilongwe,Extg@N@Rud8G,,,,,,,yes,ChIJcUhR7jItIBkRkP49qwzBx14
dealer,"Kanjala motors",biz.kanjalamotors.PgDWo0@motorlink.test,kanjala_motors,,Lilongwe,TfYcs5!sN8hP,,,,,,,no,ChIJYexBMAAtIBkR7Em6dPgDWo0
dealer,"King Car Wash",biz.kingcarwash.l9DZko@motorlink.test,king_car_wash,"0995 26 33 33",Lilongwe,cvRzUwyuVXKF,,,,,,,no,ChIJmeRa0LzTIRkRn_0rBl9DZko
dealer,"Queens mall Toyota",biz.queensmalltoyota.7p7bw0@motorlink.test,queens_mall_toyota,"0999 55 53 80",Lilongwe,8Ezh8kFHGVQP,http://www.toyotamalawi.com/,https://www.facebook.com/malawitoyota,,,,,no,ChIJGc8kBK_TIRkRSy0Jg7p7bw0
dealer,djthiya1@,biz.djthiya1.PEYB90@motorlink.test,djthiya1,,Lilongwe,ZxZ4yHXggPMW,,,,,,,no,ChIJiR58KwAtIBkRuJgM-PEYB90
dealer,"MANCHESTER MOTORS",biz.manchestermotors.UvWGhc@motorlink.test,manchester_motors,"0881 74 87 70",Lilongwe,rdwDhrrsgZMp,,,,,,,yes,ChIJP4X7YYbTIRkRK5PAeUvWGhc
dealer,"Roads Authority",biz.roadsauthority.32RrG8@motorlink.test,roads_authority,"0888 14 70 84",Lilongwe,D4aTqAW!PR!9,,,,,,,no,ChIJy_-qKxnTIRkR0eOT-32RrG8
dealer,"Lilongwe Technical College",biz.lilongwetechnicalcol.KCoYzw@motorlink.test,lilongwe_technical_college,"0994 49 74 78",Lilongwe,bDyd#7a!22xx,,,,,,,yes,ChIJSSjT8bnSIRkRNPoKgKCoYzw
dealer,"Crossroads Hotel",biz.crossroadshotel._FbJ7g@motorlink.test,crossroads_hotel,"0888 75 04 44",Lilongwe,XnURUbYw26md,https://www.crossroadshotel.net/,,,,,,yes,ChIJC_qL4gXTIRkR9E1ZM_FbJ7g
dealer,"Wimpy Crossroads Lilongwe",biz.wimpycrossroadslilon.X9lb_I@motorlink.test,wimpy_crossroads_lilongwe,"0991 52 63 99",Lilongwe,3W@!atMTtWkC,http://www.wimpy.co.za/,https://www.facebook.com/WimpySA,https://www.instagram.com/wimpy_sa,https://twitter.com/wimpy_sa,,,yes,ChIJuV5uBwbTIRkRIuKhUX9lb_I
dealer,"cross roads",biz.crossroads.FHB930@motorlink.test,cross_roads,,Lilongwe,wfaYwdgUrdaY,,,,,,,no,ChIJ7xNvA7HTIRkRKpwcwFHB930
garage,"Yattsman & Boltsman Auto Parts and Auto key programmer",biz.yattsmanboltsmanauto.RikXVE@motorlink.test,yattsman_boltsman_auto_p_2,,Lilongwe,cu2h5CX#HmNc,,,,,,,yes,ChIJg3FGagHTIRkRIRjPnRikXVE
garage,"PG Glass Lilongwe",biz.pgglasslilongwe.sF9o98@motorlink.test,pg_glass_lilongwe,"01 757 601",Lilongwe,yHUP7@UghtcW,http://www.pgglassafrica.com/,,,,,,yes,ChIJ-eOW8vXTIRkRjDoL6sF9o98
garage,Hartford,biz.hartford.61M3nE@motorlink.test,hartford,"0999 53 07 20",Lilongwe,gyrgcDd!@#WD,,,,,,,no,ChIJbWhbK9bTIRkR0yyp061M3nE
garage,iFix,biz.ifix.8EGndg@motorlink.test,ifix,"0996 23 77 35",Lilongwe,Z@6bHdm3rpwh,,,,,,,yes,ChIJN3utSUrTIRkRoEPy88EGndg
garage,"Glass fit",biz.glassfit.i2CRYE@motorlink.test,glass_fit,,Lilongwe,dbsn5zwWQWsw,,,,,,,yes,ChIJ72DQn4zTIRkRccGOli2CRYE
garage,"Ora Glass And Aluminium",biz.oraglassandaluminium.UFwdA0@motorlink.test,ora_glass_and_aluminium,"0987 37 61 10",Lilongwe,bfTXnQb25Gr#,,,,,,,yes,ChIJQcY08qzTIRkRENii7UFwdA0
garage,"GC Glass and Aluminium",biz.gcglassandaluminium.yxjnJQ@motorlink.test,gc_glass_and_aluminium,"0996 00 20 30",Lilongwe,R4!aUy@fN8!X,http://www.gcglassmw.com/,,,,,,yes,ChIJ5X5wwKjVIRkRX9qbMyxjnJQ
garage,"Battery Specialist - Hifase Batteries - JP Autotronix",biz.batteryspecialisthif.VOZ1q4@motorlink.test,battery_specialist_hifase_ba,"0999 28 11 85",Lilongwe,h3Mb#w5vQuyP,,,,,,,yes,ChIJVYFq-VLTIRkRicjcTVOZ1q4
garage,"Powertex Limited, Area4 & Area 13",biz.powertexlimitedarea4.bgIeNc@motorlink.test,powertex_limited_area4_area_,"0883 74 23 05",Lilongwe,FdQQVS7P3mMr,,,,,,,no,ChIJAaUMXETTIRkR6zYVabgIeNc
garage,"Electronics 4U",biz.electronics4u.X2bynE@motorlink.test,electronics_4u,"0993 14 25 61",Lilongwe,P#HjGW6W!pB8,http://www.electronics4u.mw/,,,,,,yes,ChIJ8VMdo-PSIRkRZiDumX2bynE
garage,"Sky Electronics",biz.skyelectronics.mciRkY@motorlink.test,sky_electronics,"0993 09 92 98",Lilongwe,5DBqGB3EPSKk,,,,,,,yes,ChIJu-HceeHSIRkRZ_QVjmciRkY
garage,"Sana Cash N Carry Malawi",biz.sanacashncarrymalawi.fbT2O0@motorlink.test,sana_cash_n_carry_malawi,"0988 82 72 40",Lilongwe,wU8h@4eKkfH6,http://sanamalawi.com/,https://www.facebook.com/sanacashncarrymw,,,,,yes,ChIJMd1TPADTIRkR5Qep1fbT2O0
garage,"A2Z Electronics",biz.a2zelectronics.5-FBVY@motorlink.test,a2z_electronics,"0996 28 40 31",Lilongwe,2Whpt3PjnNaA,http://www.a2zelectronicsmw.com/,,,,,,yes,ChIJlblKU-rTIRkRsN8gP5-FBVY
garage,"Game Stores - Lilongwe",biz.gamestoreslilongwe.Un1pxg@motorlink.test,game_stores_lilongwe,"01 751 159",Lilongwe,yTMzySTh5ppd,https://www.game.co.mw/,,,,,,yes,ChIJyQdRr-HSIRkRHRHI_Un1pxg
garage,"Mobile City (Lilongwe)",biz.mobilecitylilongwe.0ekwUM@motorlink.test,mobile_city_lilongwe,"0999 66 00 06",Lilongwe,na3cEP6M#X73,,,,,,,yes,ChIJPULFDxLTIRkRmPiIT0ekwUM
garage,"BLUE AIR ENGINEERING",biz.blueairengineering.-GbTJk@motorlink.test,blue_air_engineering,"0993 38 67 28",Lilongwe,zHQ@n8eAgMrE,http://www.blueairengineering.com/,https://www.facebook.com/BlueAirEngineering,,,,https://wa.me/265993386728,yes,ChIJF7Ql4c3VIRkRTN0Jx-GbTJk
garage,"Wayne Plug",biz.wayneplug.d-4xqk@motorlink.test,wayne_plug,,Lilongwe,n8QwMt@uCSeB,,,,,,,no,ChIJDZLUBwDTIRkRfqJhed-4xqk
garage,"Maranet Trading",biz.maranettrading.L8Blvk@motorlink.test,maranet_trading,"0985 77 99 57",Lilongwe,NXYbNCCKNrs5,,,,,,,no,ChIJV80ZJgDTIRkREYXbKL8Blvk
garage,"Gemta Motors",biz.gemtamotors.Sj6ffM@motorlink.test,gemta_motors,"0999 92 96 64",Blantyre,JjvztJUR!EGU,,,,,,,yes,ChIJww3oLwBF2BgRlXzGISj6ffM
garage,"Kwik-Fit Malawi",biz.kwikfitmalawi.v_DIYY@motorlink.test,kwik_fit_malawi,"01 835 808",Blantyre,UmX7uw9SjwGm,http://www.kwikfitmw.com/,https://www.facebook.com/kwikfitzambia,https://www.instagram.com/kwikfitzm,https://twitter.com/KwikfitZed,https://www.linkedin.com/company/kwikfitmw,,yes,ChIJG3xmqbpF2BgRO6nrhv_DIYY
garage,"Chirimba Garage",biz.chirimbagarage.TXOYB4@motorlink.test,chirimba_garage,,Blantyre,t9SVT4Nhdj2v,,,,,,,no,ChIJDxqv35ZF2BgRkEcQbTXOYB4
garage,"SMD Car Breakers and Garage",biz.smdcarbreakersandgar.SWrWsA@motorlink.test,smd_car_breakers_and_garage,"0995 568841",Blantyre,XNSKV#dHCsPT,http://www.smdmw.blogspot.com/,,,,,,yes,ChIJUbGUCwBP2BgRqj70lSWrWsA
garage,"AFRICA AUTOMOBILES",biz.africaautomobiles.Mr1XCI@motorlink.test,africa_automobiles,"0991 94 17 84",Blantyre,2JQ@JP@vhdgb,,,,,,,no,ChIJmX0fQR5F2BgRagq5iMr1XCI
garage,"Car Repairs",biz.carrepairs.kpuDJU@motorlink.test,car_repairs,,Blantyre,YYnkfx6XkASp,https://www.scautorepairs.co.uk/?utm_source=google&utm_medium=wix_google_business_profile&utm_campaign=2036389252536366646,,,https://twitter.com/favicon,,,no,ChIJ4w6_5sBriEgRng86OkpuDJU
garage,"Fastwheels Blantyre",biz.fastwheelsblantyre.iTgtFs@motorlink.test,fastwheels_blantyre,"0997 86 31 52",Blantyre,#zE7xtANWcBg,,,,,,,no,ChIJSx_JPpFF2BgRj0R7diTgtFs
garage,"STAR PANEL BEATERS LTD",biz.starpanelbeatersltd.nybozM@motorlink.test,star_panel_beaters_ltd,"0999 41 79 32",Blantyre,QtyRNKXZdQzz,,,,,,,no,ChIJ6RKhGZZF2BgR8WIVEnybozM
garage,"Progressive Panel Beaters & Transport Contractors Limited",biz.progressivepanelbeat.PytIOQ@motorlink.test,progressive_panel_beaters_tr,,Blantyre,cZNpnTsXVQ!B,,,,,,,no,ChIJ6wp1U0ZP2BgRG8U6lPytIOQ
garage,"The panel shop",biz.thepanelshop.BBh62w@motorlink.test,the_panel_shop,"0888 39 00 99",Blantyre,bU2Z3FYVEBBA,,,,,,,no,ChIJ7wKWrYhF2BgRjNALgBBh62w
garage,"C&N panel beaters & recovery services",biz.cnpanelbeatersrecove.pAhux0@motorlink.test,c_n_panel_beaters_recovery_s,"0999 26 27 05",Lilongwe,2#Upjcx4AQnh,https://www.cnshop.com/,,,,,,no,ChIJhedJjs1F2BgRheQ0ypAhux0
garage,"Entyre Marathon Tyres Factory",biz.entyremarathontyresf.t-McNM@motorlink.test,entyre_marathon_tyres_factor,"01 877 170",Blantyre,BwtxFuXFrNNq,,,,,,,yes,ChIJxYfg1JBF2BgRDSpOit-McNM
garage,"O Jussab tyre ftment centre",biz.ojussabtyreftmentcen.7rN81k@motorlink.test,o_jussab_tyre_ftment_centre,"0888 82 94 42",Blantyre,QBNv74Zw!P@s,,,,,,,no,ChIJ39LJu-VP2BgRXBlun7rN81k
garage,"Tyre Zone Warehouse",biz.tyrezonewarehouse.n6scHo@motorlink.test,tyre_zone_warehouse,"0995 33 03 35",Blantyre,mnKd5C2j9xmX,https://tyrezonemw.softr.app/,,,,,,no,ChIJy7_pP7JP2BgR3WnUln6scHo
garage,"A1 Tyre Centre",biz.a1tyrecentre.3eF91M@motorlink.test,a1_tyre_centre,,Blantyre,XzmZBzxkHcxz,,,,,,,no,ChIJjRmgqFFF2BgRc83it3eF91M
garage,"Mapeto Tyres",biz.mapetotyres.LmFu1M@motorlink.test,mapeto_tyres_2,"0993 32 57 86",Blantyre,5@FcDXK8yNDz,,,,,,,yes,ChIJybrNUoRF2BgRiBLl_LmFu1M
garage,"Millie Distributors",biz.milliedistributors.gNigw0@motorlink.test,millie_distributors,"0999 92 57 96",Blantyre,z9x3vFQa!@ZE,https://milliedistributors.net/,https://www.facebook.com/557480721017990,,,,,yes,ChIJh1QWHVZF2BgR8Px4EgNigw0
garage,"Kxpress Tyre Fitters",biz.kxpresstyrefitters.IF2zGo@motorlink.test,kxpress_tyre_fitters,"0886 68 89 60",Blantyre,9RXbt7chH!Px,,,,,,,yes,ChIJq9P05JRb2BgRM5PR9IF2zGo
garage,"O JUSSAB EXPRESS",biz.ojussabexpress.YYmIlo@motorlink.test,o_jussab_express,"0985 53 41 00",Blantyre,RwPft7tyrNHM,,,,,,,yes,ChIJ-1qd4uZP2BgRvy12NYYmIlo
garage,"SOUTHERN TIMBERS 2",biz.southerntimbers2.1U9XM0@motorlink.test,southern_timbers_2,"0991 35 75 91",Blantyre,dGpWb@nb4T2u,,,,,,,yes,ChIJBfaW7yRP2BgRfgSrl1U9XM0
garage,"Savanna tyres &,Autoparts",biz.savannatyresautopart.Cf-wwU@motorlink.test,savanna_tyres_autoparts,"0999 55 15 41",Blantyre,hUG5aKykeS2H,,,,,,,no,ChIJaSyp9e1F2BgR0jLZQCf-wwU
garage,"Nyuka Autoparts Blantyre",biz.nyukaautopartsblanty.Xaq54s@motorlink.test,nyuka_autoparts_blantyre,"0882 10 27 87",Blantyre,2VdrhXtUN3BD,,,,,,,yes,ChIJqe9W6nFF2BgR2Us3BXaq54s
garage,"FASAM AUTO PARTS",biz.fasamautoparts.Fdfc8o@motorlink.test,fasam_auto_parts,"0888 41 43 85",Blantyre,mj36EX2PzqG@,,,,,,,yes,ChIJ9w7zcHpP2BgRkxo5jFdfc8o
garage,"Gee's Auto Parts Malawi",biz.geesautopartsmalawi.okQ3qc@motorlink.test,gee_s_auto_parts_malawi,"0881 80 80 89",Blantyre,gSCWS5KJckQb,https://geesmw.blogspot.com/,,,,,,yes,ChIJlcQ_IgBP2BgR4LFFJokQ3qc
garage,"RHEMA AUTO PARTS",biz.rhemaautoparts.xzBSAc@motorlink.test,rhema_auto_parts,"0888 78 91 68",Blantyre,YkRRJP!fdDvh,,,,,,,yes,ChIJmcxS3GBP2BgRHgKZOxzBSAc
garage,"JCC CAR BREAKERS",biz.jcccarbreakers.XM4Yfg@motorlink.test,jcc_car_breakers,"0999 92 79 83",Blantyre,d5RukhGKpjj@,,,,,,,yes,ChIJa2hpL6tP2BgRTI4KJXM4Yfg
garage,"AHENRZ AUTO PARTS",biz.ahenrzautoparts.bC2dTo@motorlink.test,ahenrz_auto_parts,,Blantyre,5zRsyENxNm#N,,,,,,,yes,ChIJ0yBiZABF2BgRE0UG0bC2dTo
garage,"Electrade Distributors",biz.electradedistributor.R7kAuU@motorlink.test,electrade_distributors,"0888 87 79 47",Blantyre,xyAGyyCZSuC9,,,,,,,yes,ChIJCaq9CQBF2BgRY5D3-R7kAuU
garage,"ACM Electrical Solutions",biz.acmelectricalsolutio.3TWCWY@motorlink.test,acm_electrical_solutions,"0884 41 96 59",Blantyre,hETqquAzmy2u,,,,,,,yes,ChIJ2_dMSYRF2BgRcNCmc3TWCWY
garage,"Arrow Electrical Contractors",biz.arrowelectricalcontr.wh9I_s@motorlink.test,arrow_electrical_contractors,"0888 82 42 82",Blantyre,u5F9tgtJNr!y,,,,,,,yes,ChIJfx4OjqhF2BgR5EkZswh9I_s
garage,"AMA Motors",biz.amamotors.FWjl60@motorlink.test,ama_motors,"0992 72 76 21",Blantyre,85Hf3kRRMxQ2,,,,,,,yes,ChIJ2bXKgn5F2BgRRw9HeFWjl60
garage,"SEN ELECTRICAL PVT LTD",biz.senelectricalpvtltd.NsK6Dg@motorlink.test,sen_electrical_pvt_ltd,"0995 88 32 22",Blantyre,zNCX6MNGd5TT,,,,,,,yes,ChIJ0wN7mSFF2BgR6cFGjNsK6Dg
garage,"De-Driv AutoParts",biz.dedrivautoparts.TK95bw@motorlink.test,de_driv_autoparts,"0999 36 09 99",Blantyre,JEHPBCzNTfxk,,,,,,,yes,ChIJu4soVthF2BgR9fz_lTK95bw
garage,"KAMEZA ELECTRICAL MOTOR REWINDING & HYDRO ENGINEERING",biz.kamezaelectricalmoto.DrVxBM@motorlink.test,kameza_electrical_motor_rewi,"0994 91 01 15",Blantyre,MYyG5hPqhMeJ,,,,,,,yes,ChIJg48ovdZb2BgRyh-myDrVxBM
garage,"TotalEnergies Kristwick Service Station",biz.totalenergieskristwi.R7tIuk@motorlink.test,totalenergies_kristwick_serv,"0998 11 45 00",Blantyre,yQ2dvrmVFfB@,https://mw.totalenergies.com/,,,,,,yes,ChIJ5_3r50n72BgRgRTp5R7tIuk
garage,"Puma Energy Malawi Soche Service Station",biz.pumaenergymalawisoch.9x0YTU@motorlink.test,puma_energy_malawi_soche_ser,"0888 84 22 17",Blantyre,t5NU7XKC!A8@,https://pumaenergy.com/country/malawi-2/,https://www.facebook.com/PumaEnergy,,,https://www.linkedin.com/company/puma-energy,,yes,ChIJNb6I9fJF2BgRRS1ZE9x0YTU
garage,"TotalEnergies Limbe Lonrho Service Station",biz.totalenergieslimbelo.gXY6RY@motorlink.test,totalenergies_limbe_lonrho_s,"0995 46 52 25",Blantyre,w6zTwAF5pX!f,https://mw.totalenergies.com/,,,,,,yes,ChIJ9XbSK-gH2RgRDMrmngXY6RY
garage,"TotalEnergies Tsiranana Service Station",biz.totalenergiestsirana.QJTwDA@motorlink.test,totalenergies_tsiranana_serv,"0999 75 82 59",Blantyre,cZhVMXb@j@9H,https://mw.totalenergies.com/,,,,,,yes,ChIJsxMYFBMH2RgR-XM_DQJTwDA
garage,"Mechanic Vin",biz.mechanicvin.QTb6nQ@motorlink.test,mechanic_vin,"0992 99 40 43",Blantyre,dA7Ss!z2v3VM,https://www.youtube.com/channel/UCYJ9KWPBa6QmXRMHfOmBqIQ,,,,,,yes,ChIJ88RtB61F2BgRYaiM8QTb6nQ
garage,"Ever Green Auto Parts -Malawi",biz.evergreenautopartsma.0dAmaE@motorlink.test,ever_green_auto_parts_malawi,"0888 66 89 37",Blantyre,PTzySuUP6XNY,http://www.evegreenmalawi.blogspot.com/,,,,,,yes,ChIJy1YiXgBP2BgRVZrmy0dAmaE
garage,"G 1 refrigeration working shop",biz.g1refrigerationworki.caab5Y@motorlink.test,g_1_refrigeration_working_sh,"0884 76 39 01",Blantyre,WKE27ptzmznP,,,,,,,no,ChIJ25BwDgBH2BgRa61Uccaab5Y
garage,"HTM Motors",biz.htmmotors.0aLu3k@motorlink.test,htm_motors,"0212 271 237",Blantyre,sASmSVVSBWjB,,,,,,,no,ChIJ9xUaA6JF2BgRueT9X0aLu3k
garage,"Auto Coatings",biz.autocoatings.BcBWkM@motorlink.test,auto_coatings,"0980 26 68 87",Blantyre,mf@U!4CAeYMM,,,,,,,yes,ChIJm5ZUEMFF2BgR9H8taBcBWkM
garage,"Kwik-Fit Chitawira",biz.kwikfitchitawira._dLfZs@motorlink.test,kwik_fit_chitawira,,Blantyre,C9bdpAe37JrT,,,,,,,yes,ChIJK1lCaXFF2BgRpE-GF_dLfZs
garage,"Po's Auto Glass and Parts",biz.posautoglassandparts.Yx6uXQ@motorlink.test,po_s_auto_glass_and_parts,"0994 74 28 15",Blantyre,HbRdWhmAzKB3,,,,,,,yes,ChIJeU3dtCVF2BgRFtB3MYx6uXQ
garage,"PG Glass Blantyre",biz.pgglassblantyre.kZalQs@motorlink.test,pg_glass_blantyre,"01 872 495",Blantyre,W6KhAxj89evQ,http://www.pgglassafrica.com/,,,,,,yes,ChIJJW1xE05F2BgRqdhZ4kZalQs
garage,"Windscreen Masters",biz.windscreenmasters.Mj2yvY@motorlink.test,windscreen_masters,"0999 46 00 82",Blantyre,!peBQjDYZ53K,,,,,,,yes,ChIJ5xNpcb9P2BgR0svYBMj2yvY
garage,"Taurus Battery Centre",biz.taurusbatterycentre.VYkKCg@motorlink.test,taurus_battery_centre_2,"01 824 608",Blantyre,Kz@GGgXxBHxp,,,,,,,no,ChIJ1bfryQlF2BgRzqr9FVYkKCg
garage,"Powertex Limited, Blantyre Branch",biz.powertexlimitedblant.hawsZc@motorlink.test,powertex_limited_blantyre_br,"0883 74 23 05",Blantyre,cbqDf35QZkhD,,,,,,,yes,ChIJhaP_SCJF2BgRxm9GKhawsZc
garage,"Exide Express Ltd",biz.exideexpressltd.M9b8sU@motorlink.test,exide_express_ltd,"0888 87 43 29",Blantyre,vGZDbSSKPhQS,,,,,,,no,ChIJTzvasihF2BgROKKI7M9b8sU
garage,"Global refrigeration & air conditioning",biz.globalrefrigerationa.RqtrAQ@motorlink.test,global_refrigeration_air_con,"0994 67 56 42",Blantyre,sqxrRVcBA#Vu,https://globalrefrigeration-co-mw.jimdofree.com/contact/,,,,,,yes,ChIJ55IIsThP2BgRDgn9_RqtrAQ
garage,"Creative Mind",biz.creativemind.-kw2as@motorlink.test,creative_mind,,Blantyre,Zj5szys9j8NZ,,,,,,,yes,ChIJt2h2agBP2BgRB-UiU-kw2as
garage,中国重汽(SINOTRUK),biz.sinotruk.Af3OXc@motorlink.test,sinotruk,"0990 29 61 64",Blantyre,4#kJQyquRpyB,https://www.sinotercel.com/,,,,,,yes,ChIJI4TZWQBb2BgR8aiXNAf3OXc
garage,"Top cars",biz.topcars.6b4M-o@motorlink.test,top_cars,"0999 91 06 20",Blantyre,PTzvqjvZWDmC,,,,,,,no,ChIJqVKEA_xP2BgRbsVcu6b4M-o
garage,"AK Car sound systems",biz.akcarsoundsystems.mcivRc@motorlink.test,ak_car_sound_systems,"0999 08 35 88",Blantyre,y@U4PUrH@pKn,,,,,,,no,ChIJ1bRBiCtF2BgRjtpGHmcivRc
garage,"Sani Auto",biz.saniauto.RoifC0@motorlink.test,sani_auto,"0886 23 22 22",Thyolo,SPQN5eShZVK2,https://instagram.com/sani.auto?igshid=YmMyMTA2M2Y=,,https://www.instagram.com/rsrc.php,,,,yes,ChIJxZXgnw5J2BgRUCkkJRoifC0
garage,"Dynamic Auto Trends",biz.dynamicautotrends.KfNsQg@motorlink.test,dynamic_auto_trends,"0999 62 44 22",Blantyre,Q9G9SfHsSEu#,,,,,,,yes,ChIJjTfEaZVP2BgRfw1YhKfNsQg
garage,"Associated Suppliers",biz.associatedsuppliers.yQ4xmo@motorlink.test,associated_suppliers,"0212 840 555",Blantyre,7ZGyvbThyAru,,,,,,,yes,ChIJ9zlKMVxP2BgRFjK6MyQ4xmo
garage,"Galu betele auto parts",biz.galubeteleautoparts.nbGeHA@motorlink.test,galu_betele_auto_parts,"0881 86 30 34",Blantyre,qAXGJxcCxvcf,,,,,,,yes,ChIJK_uepWxJ2BgRCLaXAnbGeHA
garage,"Tenson Garage",biz.tensongarage.v0TJI8@motorlink.test,tenson_garage,,Mzuzu,y#7ywjSUqtxf,,,,,,,no,ChIJYaZyUwAxHRkREBtcFv0TJI8
garage,"Lumbani Auto Services",biz.lumbaniautoservices.Cy8SRU@motorlink.test,lumbani_auto_services,"0991 53 61 29",Mzuzu,K5FzdpY9h8RV,,,,,,,yes,ChIJuQCYe787HRkRF-FnOCy8SRU
garage,Brother's,biz.brothers.3MdN3Q@motorlink.test,brother_s,,Mzuzu,87yqj5wBHn5n,,,,,,,yes,ChIJjw-w6x4xHRkRimnrt3MdN3Q
garage,"SIZWE TECH Enterprise",biz.sizwetechenterprise.Ok-_Yg@motorlink.test,sizwe_tech_enterprise,"0989 17 62 76",Mzuzu,PcuFcQezxmdh,,,,,,,yes,ChIJab0wpUoxHRkRyDQBeOk-_Yg
garage,"classic motor repair",biz.classicmotorrepair.PHKnzY@motorlink.test,classic_motor_repair,,Mzuzu,YSuD3rumNAQh,,,,,,,no,ChIJGT_dtEk7HRkRa9J_dPHKnzY
garage,"TotalEnergies Mzuzu Market Service Station",biz.totalenergiesmzuzuma.tOPTa4@motorlink.test,totalenergies_mzuzu_market_s,"0999 18 88 85",Mzuzu,XBKaFrUgx@@Y,https://mw.totalenergies.com/,,,,,,yes,ChIJEdXoW4bLAhkRXMJ5ltOPTa4
garage,"CAPITAL AUTO PARTS AND ACCESSORIES",biz.capitalautopartsanda.n8PW7E@motorlink.test,capital_auto_parts_and_acces,"0880 68 84 88",Mzuzu,gct7J4B96Pym,,,,,,,yes,ChIJD-JVXwIxHRkRjAixVn8PW7E
garage,"Accessory Plug",biz.accessoryplug.1w0KJk@motorlink.test,accessory_plug,"0992 70 23 16",Mzuzu,QnkcvBEacmrV,https://facebook.com/AccessoryPlug,https://www.facebook.com/AccessoryPlug,,,,,yes,ChIJqV23Gyw7HRkRD_cA81w0KJk
garage,"Puma Energy Malawi Brickwave Service Station",biz.pumaenergymalawibric.bzLP-E@motorlink.test,puma_energy_malawi_brickwave,"0888 75 98 12",Mzuzu,TnRUu!4kcss4,https://pumaenergy.com/country/malawi-2/,https://www.facebook.com/PumaEnergy,,,https://www.linkedin.com/company/puma-energy,,yes,ChIJifcq3VoxHRkREfa_6bzLP-E
garage,"TotalEnergies Kazuni Service Station",biz.totalenergieskazunis.sdIJOo@motorlink.test,totalenergies_kazuni_service,"0999 19 58 20",Mzuzu,KFT6yfRNauQ5,https://mw.totalenergies.com/,,,,,,yes,ChIJdzNjkgQzAxkRlfS-OsdIJOo
garage,"Capital Glass Limited",biz.capitalglasslimited.J45VJc@motorlink.test,capital_glass_limited,"0999 95 01 91",Mzuzu,2GSFyKWdKk8k,http://capitalglass.biz/,https://www.facebook.com/capitalglassmalawi,,https://twitter.com/glass_mw,https://www.linkedin.com/company/capital-glass-malawi-limited,,yes,ChIJrX1qOgA7HRkRUOIzZJ45VJc
garage,"Sprint printers",biz.sprintprinters.q9DaiU@motorlink.test,sprint_printers,"0888 20 88 48",Mzuzu,nkT3zGP7Vd2Q,,,,,,,yes,ChIJOTtVQEo7HRkRya1ukq9DaiU
garage,"Mzuzu Malawi",biz.mzuzumalawi.eMYzl8@motorlink.test,mzuzu_malawi,,Mzuzu,24P@tVJ4ZHqT,,,,,,,no,ChIJMXj7XgAxHRkRqemVbeMYzl8
garage,"Best Oil",biz.bestoil.Q9YHDI@motorlink.test,best_oil,,Mzuzu,b6pdNUW7nENw,,,,,,,yes,ChIJTdGQOUc7HRkRe4JeyQ9YHDI
garage,"Amazing finishing",biz.amazingfinishing.XNFTFo@motorlink.test,amazing_finishing,"0888 71 37 97",Mzuzu,3pjb3aBGnQKD,,,,,,,yes,ChIJj9LCnZYxHRkR7d3UbXNFTFo
garage,"PAFS AUTO SPARE PARTS & ACCESSORIES",biz.pafsautosparepartsac.Q-gxw0@motorlink.test,pafs_auto_spare_parts_access,,Zomba,f8Sq!vnV8RpU,,,,,,,yes,ChIJdZJSIp0F2RgRxdP-yQ-gxw0
garage,"EXIDE EXPRESS",biz.exideexpress.fIK768@motorlink.test,exide_express_2,"0888 87 43 29",Zomba,Hbv#@73Su@!n,,,,,,,no,ChIJIxhTFRUF2RgRsJNm_fIK768
garage,"SPECTA ELECTRONICS",biz.spectaelectronics.SQsNgY@motorlink.test,specta_electronics,"0881 54 38 91",Zomba,EYy3MBcdzcwG,,,,,,,no,ChIJyyRXWCoF2RgRF3qBcSQsNgY
garage,"Zomba Copie Tronic Shop",biz.zombacopietronicshop.10aHIs@motorlink.test,zomba_copie_tronic_shop,"0999 11 11 16",Zomba,jSQ!JZXu4mnn,http://www.chefprecious.co.za/,,,,,,yes,ChIJk85Vwo0F2RgR_1Sav10aHIs
garage,"Che Mpalasa Service Centre",biz.chempalasaservicecen.13aqPA@motorlink.test,che_mpalasa_service_centre,"0888 00 06 54",Liwonde,BMAHuHmhCFxx,http://www.allelectronics.com/,,,,,,yes,ChIJi324j9oF2RgR2qqMo13aqPA
garage,Chinamwali,biz.chinamwali.S2oCVQ@motorlink.test,chinamwali,,Zomba,3SPwnhNbhGTX,,,,,,,no,ChIJL9BVUgAF2RgREV6ibS2oCVQ
garage,Engen,biz.engen.Acewp8@motorlink.test,engen,,Zomba,PGqCKnbc#KDN,,,,,,,yes,ChIJa3x6SbkE2RgRaURGVAcewp8
garage,"Kazembe Phone Repair",biz.kazembephonerepair.aKgHps@motorlink.test,kazembe_phone_repair,,Zomba,QDNUHf5GjuFm,,,,,,,yes,ChIJjdRelhYF2RgRUmtYAaKgHps
garage,"Star-Tech & IT Solution",biz.startechitsolution.P30z7U@motorlink.test,star_tech_it_solution,"0995 15 08 64",Zomba,AUVazA2Jkzf4,,,,,,,no,ChIJsVe93oIF2RgRW9GYDP30z7U
garage,"TJs Spa Beauty Salon and Barbershop",biz.tjsspabeautysalonand.Y40jdE@motorlink.test,tjs_spa_beauty_salon_and_bar,"0991 08 23 40",Zomba,EbbZsBFr8T6r,,,,,,,yes,ChIJVRGtROcF2RgR3RpIdY40jdE
garage,"Mphatso Cellphone Engineers",biz.mphatsocellphoneengi.-F7Q5Y@motorlink.test,mphatso_cellphone_engineers,"0992 79 04 95",Lilongwe,RNv9WGqr@fFZ,,,,,,,yes,ChIJq05bBPkF2RgRBZHP5-F7Q5Y
garage,"Zomba Super Store",biz.zombasuperstore.hjIgWw@motorlink.test,zomba_super_store,"0991 46 06 48",Zomba,Q#RBSznY3syG,,,,,,,yes,ChIJI-zozb0E2RgRx0i7fhjIgWw
garage,"AHAD Cash and Carry",biz.ahadcashandcarry.GNZgOk@motorlink.test,ahad_cash_and_carry,"0999 77 71 62",Zomba,!qyHCuAbGJwJ,,,,,,,yes,ChIJTdBHyqMF2RgRL4o3lGNZgOk
garage,"3 Miles market",biz.3milesmarket.-35s2c@motorlink.test,3_miles_market,"0999 50 00 20",Zomba,Eq2g3bV2k3E!,,,,,,,yes,ChIJD4e39H4E2RgRhFc7r-35s2c
garage,"Cj Garage and car wash",biz.cjgarageandcarwash.sjDNbs@motorlink.test,cj_garage_and_car_wash,"0888 16 65 05",Liwonde,ztq563954g5x,,,,,,,yes,ChIJpehcKTIn2RgRKVEmAsjDNbs
garage,"TotalEnergies Kasungu Mtunthama Service Station",biz.totalenergieskasungu.dLdxbs@motorlink.test,totalenergies_kasungu_mtunth,"0999 32 25 55",Kasungu,C2EQdRVy6@Cz,https://mw.totalenergies.com/,,,,,,yes,ChIJd5JpxvzbHhkR43GF3dLdxbs
garage,"Puma Energy Kasungu",biz.pumaenergykasungu.h54YUI@motorlink.test,puma_energy_kasungu,"0888 21 22 55",Kasungu,3ypc56Q9ZNbV,https://pumaenergy.com/country/malawi-2/,https://www.facebook.com/PumaEnergy,,,https://www.linkedin.com/company/puma-energy,,yes,ChIJCYGDVa_pHhkRNBAYSh54YUI
garage,"Kåyåñgē Mw computer service",biz.kygmwcomputerservice.LpUPco@motorlink.test,k_y_g_mw_computer_service,"0988 23 81 84",Kasungu,nTURQe7PT8pm,,,,,,,yes,ChIJV8V6ZwDpHhkR9am4uLpUPco
garage,"Mdoni center hardware",biz.mdonicenterhardware.7PhePU@motorlink.test,mdoni_center_hardware,"0995 72 28 22",Kasungu,Qjr7xxcrqRWb,,,,,,,no,ChIJ9UtY4JXpHhkRYiiKm7PhePU
garage,"RABINS AUTO PARTS",biz.rabinsautoparts.mXLf-o@motorlink.test,rabins_auto_parts,,Kasungu,DKh2CaxPBW9k,,,,,,,no,ChIJ2ck3IwDpHhkRzRUWSmXLf-o
garage,"KAS Engineering",biz.kasengineering.cl1BS0@motorlink.test,kas_engineering,"0993 07 03 73",Lilongwe,!zrpzGK!TSeE,,,,,,,yes,ChIJ22M9CySDHxkRqmMy0cl1BS0
garage,"Sana kasungu",biz.sanakasungu.sERpfk@motorlink.test,sana_kasungu,"0993 35 08 65",Kasungu,CtzFWtQMq2N@,,,,,,,yes,ChIJe-4_C3XpHhkRmtO2tsERpfk
garage,"PEP Kasungu",biz.pepkasungu.05zxxg@motorlink.test,pep_kasungu,"01 844 032",Kasungu,qgrC7Xfxeu2!,https://www.pep.co.mw/?utm_source=google%20&utm_medium=locations&utm_campaign=SP&utm_content=SP,https://www.facebook.com/PEPMalawi,https://www.instagram.com/pep_malawi,https://twitter.com/PEP_tweets,,,yes,ChIJQ5XeVnnpHhkRuGMJj05zxxg
garage,"Kaka motors",biz.kakamotors.Yo_wkU@motorlink.test,kaka_motors,"0999 28 84 65",Lilongwe,umtkGFX9@Zda,,,,,,,no,ChIJcXjYMgBF2BgRFhVbjYo_wkU
garage,"Bob Phone Accessories and General Dealers",biz.bobphoneaccessoriesa.E98Jbo@motorlink.test,bob_phone_accessories_and_ge,"0996 96 69 36",Kasungu,PR#fRzWbmD7V,,,,,,,yes,ChIJd-LmNmnpHhkRl6SJME98Jbo
garage,"Windscreen Centre Victoria Falls",biz.windscreencentrevict.nip0Jc@motorlink.test,windscreen_centre_victoria_f,"078 836 8599",Lilongwe,!bMy77@@euFx,https://www.windscreencentre.co.zw/,https://www.facebook.com/windscreencentre,https://www.instagram.com/windscreencentre,,,,yes,ChIJkYhzx5vlTxkRcbfF8nip0Jc
garage,"Car battery services (Chitsime)",biz.carbatteryservicesch.d5zxAM@motorlink.test,car_battery_services_chitsim,"0988 01 19 74",Lilongwe,fqqYPK4ubW2#,,,,,,,yes,ChIJlYHElx5Z2BgRno916d5zxAM
garage,"HOHO GENERAL DEALERS & MAGIC SOUNDS",biz.hohogeneraldealersma.eHuji4@motorlink.test,hoho_general_dealers_magic_s,"01 254 509",Kasungu,ecrtTC8cHGn3,,,,,,,yes,ChIJ6YkUUJ3pHhkREk3LXeHuji4
garage,"Click 40 Electronics",biz.click40electronics.Sm52MY@motorlink.test,click_40_electronics,"0994 12 41 37",Kasungu,x#Dk9BHn4EgX,,,,,,,no,ChIJkQpSiurpHhkR8SJOnSm52MY
garage,"365 shop",biz.365shop.bLDqeA@motorlink.test,365_shop,,Kasungu,yYSWqqvzHNH@,,,,,,,yes,ChIJxe4dop_pHhkRyGl5UbLDqeA
garage,"chingala electronics",biz.chingalaelectronics.jpoRwk@motorlink.test,chingala_electronics,"0991 44 54 40",Kasungu,RuqEKKt5a9Yj,,,,,,,no,ChIJmU_wDu7pHhkR-1cngjpoRwk
garage,"Puma Energy New Kasungu",biz.pumaenergynewkasungu.H6cv6c@motorlink.test,puma_energy_new_kasungu,"0999 25 09 99",Kasungu,Va6JcuMYg7eC,https://pumaenergy.com/country/malawi-2/,https://www.facebook.com/PumaEnergy,,,https://www.linkedin.com/company/puma-energy,,no,ChIJrV4XzGPpHhkRPiatqH6cv6c
garage,"Legal Aid Bureau Kasungu Office",biz.legalaidbureaukasung.GPxVFQ@motorlink.test,legal_aid_bureau_kasungu_off,,Kasungu,ZPNVaqnj7pqy,,,,,,,no,ChIJZW0sDgDpHhkRWlJ4mGPxVFQ
garage,"United Motors",biz.unitedmotors.YHDcuY@motorlink.test,united_motors,"0994 04 99 74",Blantyre,sX!U2zTjv9sF,,,,,,,yes,ChIJxfNjDwBb2BgR6yJ6tYHDcuY
garage,"Jangiya auto parts",biz.jangiyaautoparts.ajeAEc@motorlink.test,jangiya_auto_parts,"0999 56 61 46",Salima,B3FnssvFhhG2,,,,,,,yes,ChIJRxxCEkMBIBkRZTFy9ajeAEc
garage,"TotalEnergies Salima Boma Service Station",biz.totalenergiessalimab.r3ClHE@motorlink.test,totalenergies_salima_boma_se,"0888 96 29 00",Salima,tCTeRYCjf5FU,https://mw.totalenergies.com/,,,,,,yes,ChIJBbvtaozpHxkRuoyufr3ClHE
garage,"Puma Energy Salima",biz.pumaenergysalima.sIjMDI@motorlink.test,puma_energy_salima,"0999 25 09 99",Salima,@Y#J8sHtvH9X,https://pumaenergy.com/country/malawi-2/,https://www.facebook.com/PumaEnergy,,,https://www.linkedin.com/company/puma-energy,,yes,ChIJ49jS2-gBIBkRRTilqsIjMDI
garage,"Air conditioning and Refrigeration",biz.airconditioningandre.ifRDWs@motorlink.test,air_conditioning_and_refrige,"0996 43 44 27",Salima,347xEFDWJFwP,,,,,,,yes,ChIJ_9F17kQBIBkRB1HQeifRDWs
garage,"Salima technical workshop",biz.salimatechnicalworks.LV9MLY@motorlink.test,salima_technical_workshop,,Lilongwe,n9DKpzDx#T8D,,,,,,,yes,ChIJsY_fXQAH4BgR1gU5oLV9MLY
garage,"Mwakwenda Hardware",biz.mwakwendahardware.3McsrY@motorlink.test,mwakwenda_hardware,,Salima,h76Pf@dfd3g2,,,,,,,no,ChIJDcLLhMwBIBkRmwC-l3McsrY
garage,"Salima Islamic Center LIMO",biz.salimaislamiccenterl.weeDhM@motorlink.test,salima_islamic_center_limo,,Lilongwe,5se5XkaXUvTh,,,,,,,yes,ChIJ48Xa6br_3xgRPRL-RweeDhM
garage,"Perfect fit fashion and tailoring design",biz.perfectfitfashionand.aBT_Mg@motorlink.test,perfect_fit_fashion_and_tail,"0996 76 73 43",Salima,UeqJe992JrKB,,,,,,,yes,ChIJLe4GBO8H4BgRA-ElGaBT_Mg
garage,"VISCOCITY SALIMA",biz.viscocitysalima.t-XHWk@motorlink.test,viscocity_salima,,Salima,zKxDCRyWU3T7,,,,,,,yes,ChIJje0mGgABIBkRn7j4Wt-XHWk
garage,"Zynoor phone Accessories",biz.zynoorphoneaccessori.DDg0jg@motorlink.test,zynoor_phone_accessories,"073 600 6055",Salima,A7NNPqySYya9,,,,,,,yes,ChIJJ-uWIdP_3xgR1JvnnDDg0jg
garage,"MAGARI CLASSIC CAR ACCESSORIES & AUTOSERVICE",biz.magariclassiccaracce.vL_DRg@motorlink.test,magari_classic_car_accessori,"0677 082 856",Lilongwe,77SZMCqK5d6K,,,,,,,yes,ChIJ_6KRZ3afABkRZ0xUevL_DRg
garage,"TotalEnergies Dedza Service Station",biz.totalenergiesdedzase.-b3N_s@motorlink.test,totalenergies_dedza_service_,"0999 20 30 34",Dedza,ZdZC@!jGB7uM,https://mw.totalenergies.com/,,,,,,yes,ChIJxcaEpuppIBkR4DDO2-b3N_s
garage,"Malida Tyre Traders",biz.malidatyretraders.Uc6KhM@motorlink.test,malida_tyre_traders,"0212 776 655",Lilongwe,b#CUjmDGCddz,,,,,,,yes,ChIJifaChexP2BgRfzpybUc6KhM
garage,"CHIFLOZ AUTOPARTS",biz.chiflozautoparts.z8v3LI@motorlink.test,chifloz_autoparts,"0999 95 36 72",Limbe,QSgj8sfaPEPK,,,,,,,yes,ChIJvcNav8ZP2BgRou1Kvz8v3LI
garage,"DEZIO Part valley",biz.deziopartvalley.BJQeIs@motorlink.test,dezio_part_valley,"0997 77 46 49",Lilongwe,HMFmRY#hKbD2,,,,,,,yes,ChIJX7LXi8ZF2BgR_D-owBJQeIs
garage,"Mt Meru Filling Station",biz.mtmerufillingstation.jq7uaA@motorlink.test,mt_meru_filling_station,,Dedza,HS@EPvyz6qzK,,,,,,,yes,ChIJFSvtTUh9IBkRrWBCCjq7uaA
garage,"Harpe Auto Parts",biz.harpeautoparts.nfeXz0@motorlink.test,harpe_auto_parts,"0999 80 90 64",Lilongwe,8Gumh6p!uE#3,,,,,,,yes,ChIJR1UBEazTIRkR_pUVAnfeXz0
garage,"Katsache motorcycle repair",biz.katsachemotorcyclere.hVBOoU@motorlink.test,katsache_motorcycle_repair,,Mchinji,n5!PN4sfXzZQ,,,,,,,no,ChIJL521XQCxGBkR2m5IDhVBOoU
garage,"Simon auto parts",biz.simonautoparts.YTMzw4@motorlink.test,simon_auto_parts,,Chitipa,Fv3!FGKB@bhy,,,,,,,yes,ChIJi_3gnfM7ARkREjNpuYTMzw4
garage,"BODE AUTOMOTIVES",biz.bodeautomotives.VPitkk@motorlink.test,bode_automotives,"0998 75 50 07",Lilongwe,2DdAj!Z2qq3X,,,,,,,yes,ChIJMfY_X3J1HRkR77gkDVPitkk
garage,"MF MOTOR SERVICE",biz.mfmotorservice.2nvdJo@motorlink.test,mf_motor_service,"0999 45 79 80",Lilongwe,53X232ySMS#Z,,,,,,,no,ChIJ1znRQQDTIRkRF7CYJ2nvdJo
garage,"BEKHAPS GENERAL MOTORS",biz.bekhapsgeneralmotors.u6D21E@motorlink.test,bekhaps_general_motors,"0990 33 10 23",Lilongwe,nr2HFdxEYVsD,,,,,,,yes,ChIJl7bt3GDNIRkRwY9Kmu6D21E
garage,"TotalEnergies Kamwendo Service Station",biz.totalenergieskamwend.ezxNqc@motorlink.test,totalenergies_kamwendo_servi,,Mchinji,Ju56Kn#EZa8u,https://www.totalenergies.mw/,,,,,,yes,ChIJe8GmGgCtGBkRddQCXezxNqc
garage,"Meru Filling Station",biz.merufillingstation.m9OYk0@motorlink.test,meru_filling_station,,Mchinji,waHH!ChN3SUF,,,,,,,yes,ChIJ_20RewC7GBkRLldCKm9OYk0
garage,"BP Filling Station",biz.bpfillingstation.x-e4QA@motorlink.test,bp_filling_station,,Mchinji,4YkFxPRSYK3!,,,,,,,no,ChIJU3dzMAC7GBkR_4bzMx-e4QA
garage,"LNB Electronics",biz.lnbelectronics.hudsAM@motorlink.test,lnb_electronics,"0992 01 66 77",Mchinji,r8m4YrnHNJwY,,,,,,,no,ChIJmVZWjKi7GBkR-DHbDhudsAM
garage,Mkanda,biz.mkanda.kG2j8Q@motorlink.test,mkanda,,Mchinji,!sYUc9EmsFB@,,,,,,,no,ChIJm-FkZwC7GBkRnrOn8kG2j8Q
car_hire,"MJs Car Hire",biz.mjscarhire.Q3euHQ@motorlink.test,mjs_car_hire,"0999 91 52 06",Lilongwe,GSqcv8nMAcbk,,,,,,,yes,ChIJRZtElfIrIBkRXwLKYQ3euHQ
car_hire,StaffTransport.lk,biz.stafftransportlk.f8SQRg@motorlink.test,stafftransport_lk,"077 299 2328",Lilongwe,HMXJMgBTjgyR,,,,,,,yes,ChIJ89XTI-j34joRdBEhEf8SQRg
car_hire,"Hastie Cars",biz.hastiecars.59zwJU@motorlink.test,hastie_cars,"01698 825000",Blantyre,wnsJDCNnACM#,https://hastiecars.com/,https://www.facebook.com/hastiecarsblantyre,https://www.instagram.com/hastiecars,https://twitter.com/hastiecars,,,yes,ChIJRYim3AVAiEgRnB9x559zwJU
car_hire,"Floodgates Tours",biz.floodgatestours.3BGJ00@motorlink.test,floodgates_tours,"0998 37 71 63",Zomba,AZVMJ!!CB3WG,https://floodgatestours.com/,https://www.facebook.com/floodgatestours,,https://twitter.com/floodgatestours,,https://wa.me/265886753748,yes,ChIJ-aZforsE2RgR1gNpH3BGJ00
car_hire,"Salima Bus Station",biz.salimabusstation.Y1Tovc@motorlink.test,salima_bus_station,,Salima,kUXfyGHK!w39,,,,,,,yes,ChIJBW41q68BIBkR48wN0Y1Tovc
car_hire,"Personal Touch Safaris South Luangwa National Park",biz.personaltouchsafaris.c2Vptg@motorlink.test,personal_touch_safaris_south,"097 8459965",Lilongwe,fPkza4QAeuHt,https://www.personaltouchsafaris.com/,https://www.facebook.com/PersonalTouchSafaris,https://www.instagram.com/personaltouchsafaris,https://twitter.com/luangwasafari,,https://wa.me/260978459965,yes,ChIJa-QBmw3mGRkRbc8c1c2Vptg
car_hire,"Mawaso Taxi",biz.mawasotaxi.6LCOn4@motorlink.test,mawaso_taxi,"0888 86 92 41",Lilongwe,kPThww3#qE9Y,,,,,,,yes,ChIJz4obGOt5HxkRU5sGn6LCOn4
car_hire,"Maluwa Beauty Bar",biz.maluwabeautybar.TgYyI0@motorlink.test,maluwa_beauty_bar,"0986 64 29 16",Mchinji,hpghcfvDTsqX,http://maluwalondon.com/,,,,,,yes,ChIJr9QaqPjTIRkRaetcuTgYyI0
car_hire,"Mchinji Airport",biz.mchinjiairport.BmUyyQ@motorlink.test,mchinji_airport,,Mchinji,X8Bzx62UCcsu,,,,,,,yes,ChIJj3V9sJy6GBkRBQzLzBmUyyQ
car_hire,"Old Airport",biz.oldairport._rT6fk@motorlink.test,old_airport,,Nkhotakota,eADVpK7Jv4kM,,,,,,,no,ChIJIRKYKQA7HhkRAZ5B__rT6fk
car_hire,"Nthawi Express Logistics",biz.nthawiexpresslogisti.yYxTPU@motorlink.test,nthawi_express_logistics,"0999 37 03 47",Lilongwe,4dUrWkPcQ6aS,,,,,,,yes,ChIJHQ4B0inVIRkREpWhPyYxTPU
car_hire,"Nthanda and Nthambi TAXI services",biz.nthandaandnthambitax.sl_ans@motorlink.test,nthanda_and_nthambi_taxi_ser,"0998 95 08 07",Lilongwe,XFFf5tP6TFUR,,,,,,,yes,ChIJi1wwkHvpHhkRSumH2sl_ans
car_hire,"Siku Transport",biz.sikutransport.CR7JPQ@motorlink.test,siku_transport,"84 338 1891",Lilongwe,g2f!XsjnmBNN,,,,,,,no,ChIJF7V6mzvTIRkRdwFznCR7JPQ
car_hire,"Supersink filling station -Dowa",biz.supersinkfillingstat.SrDfI4@motorlink.test,supersink_filling_station_do,"0997 90 16 12",Dowa,R@CY2XKdr6g8,,,,,,,yes,ChIJq0wEFeKbHxkRqhlEuSrDfI4
car_hire,"Ntcheu Shasha transporter",biz.ntcheushashatranspor.Aludoo@motorlink.test,ntcheu_shasha_transporter,,Ntcheu,cEcT@e4ZYxJn,,,,,,,yes,ChIJvW9nAwBb3xgRB_HDhAludoo
car_hire,"Kwezybuses Ntcheu Bus Stop",biz.kwezybusesntcheubuss.CEsHgg@motorlink.test,kwezybuses_ntcheu_bus_stop,,Ntcheu,K#VW@w#d@ZE@,,,,,,,no,ChIJQXG56zlb3xgRp3jUbCEsHgg
car_hire,"Konnexxion Rentals",biz.konnexxionrentals.WJeFF8@motorlink.test,konnexxion_rentals,"0999 48 44 83",Lilongwe,5V!sK955DbJx,,,,,,,yes,ChIJD7zJnATTIRkR-aOszWJeFF8
car_hire,"Amazing Car Wash",biz.amazingcarwash.X8GvNE@motorlink.test,amazing_car_wash,"0881 43 01 22",Lilongwe,ZqqBnJVayb8u,,,,,,,yes,ChIJz7keSgDVIRkRkwgRhX8GvNE
car_hire,"R. Gaffar Transport Ltd",biz.rgaffartransportltd.lWtdeE@motorlink.test,r_gaffar_transport_ltd,,Lilongwe,8yytvfbVypAT,,,,,,,no,ChIJB70hrM_UIRkRKKPUQlWtdeE
car_hire,"Car care",biz.carcare.Z0mUwE@motorlink.test,car_care_2,,Lilongwe,hZPdPsBnpj!t,,,,,,,yes,ChIJHVROK6_VIRkRvwbYEZ0mUwE
car_hire,"Royal Ride Auto Detailer and Carwash",biz.royalrideautodetaile.Y8IDCg@motorlink.test,royal_ride_auto_detailer_and,"0992 24 08 37",Lilongwe,NKVbyBnmqWkr,,,,,,,no,ChIJz7brQQDVIRkRKhkhlY8IDCg
car_hire,"Touchline Services",biz.touchlineservices.Qf841U@motorlink.test,touchline_services,"0999 27 78 28",Lilongwe,5V4NukTAAPWj,,,,,,,no,ChIJm7NgHmTTIRkRxM7cZQf841U
car_hire,"Airports Taxi Transfers",biz.airportstaxitransfer.tB8tAc@motorlink.test,airports_taxi_transfers,"020 3062 9503",Lilongwe,vtNJR!KVExWH,https://airportstaxitransfers.com/?utm_source=google_my_business&utm_medium=organic&utm_campaign=ATT,https://www.facebook.com/Airports,,https://twitter.com/AirportTaxi_1,,,yes,ChIJ234Wc04bdkgRhFWputB8tAc
car_hire,"Nanchengwa Lodge",biz.nanchengwalodge.-iG62Y@motorlink.test,nanchengwa_lodge,"0888 47 40 79","Monkey Bay",PU9trVSw#Pwr,https://nanchengwa-lodge.com/,,,,,,yes,ChIJR4hIZFGp3xgRR3DLt-iG62Y
car_hire,"E&K Taxi services",biz.ektaxiservices.Wcfo84@motorlink.test,e_k_taxi_services,"0991 67 31 70",Liwonde,2Qv8s9VfVJPQ,,,,,,,yes,ChIJp4rycR8n2RgRCcWOXWcfo84
car_hire,"Liwonde National Park",biz.liwondenationalpark.rRFWT0@motorlink.test,liwonde_national_park,"0993 17 08 29",Lilongwe,tBJUtWM8H89t,https://www.africanparks.org/the-parks/liwonde,,,,,,yes,ChIJkfIunnXT3hgR2hojfrRFWT0
car_hire,"Liwonde Bus Depot",biz.liwondebusdepot.zgsdiM@motorlink.test,liwonde_bus_depot,"0999 44 16 55",Liwonde,7W6u8T4zwvGA,,,,,,,yes,ChIJES44fAAn2RgRE1GaezgsdiM
car_hire,"dalani fosten",biz.dalanifosten.vGv5GE@motorlink.test,dalani_fosten,,Thyolo,zAN7J@rfHgzk,,,,,,,no,ChIJE2_OZAAt2BgRLYOu7vGv5GE
car_hire,"Mount Mulanje Stopover - Likhubula",biz.mountmulanjestopover.5oc7rI@motorlink.test,mount_mulanje_stopover_likhu,"0884 13 03 53",Mulanje,QWqE#W4GZw#N,http://www.mountmulanjestopover.com/,,,,,,yes,ChIJWVbCAa7D2RgRbGy1r5oc7rI
car_hire,"Blantyre, Malawi",biz.blantyremalawi.twpnp0@motorlink.test,blantyre_malawi,,Chikwawa,6PkZg!H5uKF8,,,,,,,no,ChIJj_-qVQAX2BgRj4JqAtwpnp0
car_hire,"Chigwamkumbi garage",biz.chigwamkumbigarage.G9Rhpc@motorlink.test,chigwamkumbi_garage,,Chikwawa,HgVMPPjPSnxx,,,,,,,no,ChIJGfBgZQAX2BgREMArtG9Rhpc
car_hire,"Sucoma Airport LZ",biz.sucomaairportlz._xXmeQ@motorlink.test,sucoma_airport_lz,,Chikwawa,nJfdVv642QTn,,,,,,,no,ChIJ7zKcWgAX2BgRVsxGX_xXmeQ
car_hire,"Saha Bicycle repairing (fourways)",biz.sahabicyclerepairing.xy8NIs@motorlink.test,saha_bicycle_repairing_fourw,,Nsanje,wWQHrMxXfG6R,,,,,,,no,ChIJH0qxRQD51hgRSuTVgxy8NIs
car_hire,"Chididi turn-off",biz.chididiturnoff.Qka0xo@motorlink.test,chididi_turn_off,,Lilongwe,fSVYYJPBMZ7w,,,,,,,no,ChIJm7oyEgr_1hgRVNsUdQka0xo
car_hire,"ROCHA Car Rentals",biz.rochacarrentals.C79zrI@motorlink.test,rocha_car_rentals,"0994 78 93 55",Blantyre,7CtzBd4c96t7,,,,,,,yes,ChIJX74FmIlF2BgRM7BLNC79zrI
car_hire,"Baseline Travel Limited",biz.baselinetravellimite.96xNMM@motorlink.test,baseline_travel_limited,"0880 26 82 68",Blantyre,e7xt5FNGE!mY,,,,,,,yes,ChIJiQUIesxF2BgR9PfzX96xNMM
car_hire,"Barloworld Equipment Malawi",biz.barloworldequipmentm.8a3j1Y@motorlink.test,barloworld_equipment_malawi,"0999 97 15 42",Blantyre,dwT!APg9@S3V,https://barloworld-equipment.com/malawi/home,https://www.facebook.com/BarloworldEquipmentSouthernAfrica,https://www.instagram.com/barloworldequipmentsouthafrica,https://twitter.com/Barloworldequip,https://www.linkedin.com/company/barloworldequipmentsouthafrica,,yes,ChIJ0RAVmjFF2BgR65IWG8a3j1Y
car_hire,"Tint Mafia",biz.tintmafia.qHSURA@motorlink.test,tint_mafia,"0992 92 86 09",Blantyre,FHNUGKWEvSTe,,,,,,,yes,ChIJjaCQ65RF2BgR6NW2HqHSURA
car_hire,"Neyac Classic Lodge and Car Hire",biz.neyacclassiclodgeand.23LZso@motorlink.test,neyac_classic_lodge_and_car_,,Blantyre,FUa7hezZNW36,,,,,,,yes,ChIJf-Pl3bdF2BgRfmduu23LZso
car_hire,"Satguru Travel Blantyre",biz.satgurutravelblantyr.uwUkHg@motorlink.test,satguru_travel_blantyre,"0994 25 02 50",Blantyre,FE2P5grDMZJB,https://satgurutravel.com/,https://www.facebook.com/Satguru.ToursandTravels,https://www.instagram.com/satgurutravels,https://twitter.com/ToursSatguru,https://www.linkedin.com/company/satguru-travel-and-tourism-services,,yes,ChIJ_x79ld1F2BgRiqvt-uwUkHg
car_hire,"Kabula Lodge",biz.kabulalodge.tBOIaw@motorlink.test,kabula_lodge,"0991 39 15 01",Blantyre,XV72Bwm#4DG9,http://www.kabulalodgemalawi.com/,,,,,,yes,ChIJhSyz1hxF2BgRRQKJCtBOIaw
car_hire,"The Ultimate Pathfinders Travel Co.",biz.theultimatepathfinde.6vBUXw@motorlink.test,the_ultimate_pathfinders_tra,"0996 80 92 44",Blantyre,#DUuMgKW@C5k,http://www.ultimatepathfinders.com/,,,,,,yes,ChIJWW99MvVF2BgRyQGGn6vBUXw
car_hire,"Chirimba bus stop",biz.chirimbabusstop.k5V2hw@motorlink.test,chirimba_bus_stop,"0888 56 16 48",Blantyre,6uYUNvB4dGr5,,,,,,,no,ChIJ2U8AiDhb2BgRoU4I6k5V2hw
car_hire,"Simso chirimba",biz.simsochirimba.G602ko@motorlink.test,simso_chirimba,,Blantyre,A!3EM2yunQ2g,,,,,,,yes,ChIJv2lT4t5b2BgR8Tn9PG602ko
car_hire,"Chirimba, Lunzu and Machinjiri Minibuses Stage",biz.chirimbalunzuandmach.N5PlBA@motorlink.test,chirimba_lunzu_and_machinjir,,Blantyre,NVbCbx9bpGze,,,,,,,yes,ChIJbdxdxzpP2BgRpdo_4N5PlBA
car_hire,Blanytre,biz.blanytre.ouQvJY@motorlink.test,blanytre,"0881 12 40 64",Lilongwe,uWMq@7MY93V5,,,,,,,no,ChIJd0adJvlb2BgR7TFpmouQvJY
car_hire,"Speed Courier and Logistics Karonga",biz.speedcourierandlogis.lUfQxY@motorlink.test,speed_courier_and_logist_2,"0884 64 88 22",Karonga,KWC6N8HR#XQe,,,,,,,yes,ChIJsZGKe7iFARkRYV1jflUfQxY
car_hire,"Karonga bus stop",biz.karongabusstop.zB6LZQ@motorlink.test,karonga_bus_stop,"0996 82 12 78",Karonga,pPZJMRu8rVF2,,,,,,,no,ChIJX1CGRQaFARkRdcbB5zB6LZQ
car_hire,"Adonai car importers",biz.adonaicarimporters.lqXwNY@motorlink.test,adonai_car_importers,"0997 42 21 86",Karonga,2ezMc6rEJJMF,,,,,,,yes,ChIJUb3QVACFARkRrVtXnlqXwNY
car_hire,"Karonga Airport",biz.karongaairport.QqEWe4@motorlink.test,karonga_airport,"0995 59 28 00",Karonga,VTb9hSfXyU4V,,,,,,,yes,ChIJtQUasn2EARkRtKiesQqEWe4
car_hire,"Mukuyu Tyre Fitters",biz.mukuyutyrefitters.3TV8Q0@motorlink.test,mukuyu_tyre_fitters,,Karonga,JNeHuUt4gEfn,,,,,,,no,ChIJbY9rmBmFARkR7pNNc3TV8Q0
car_hire,Issah,biz.issah.96wTvM@motorlink.test,issah,,Karonga,uHpUj8p35yGh,,,,,,,no,ChIJUaWlWACFARkRJtAfT96wTvM
car_hire,"Butterfly Space Non Profit Eco Lodge",biz.butterflyspacenonpro.FMDcPU@motorlink.test,butterfly_space_non_profit_e,"0999 15 63 35","Nkhata Bay",!TNX2pmH4sMR,http://www.butterflyspacemalawi.com/,https://www.facebook.com/butterfly.space.malawi,https://www.instagram.com/butterfly.space.malawi,,https://www.linkedin.com/company/butterfly-space-non-profit,,yes,ChIJN-WDtvNoHRkRX61qEFMDcPU
car_hire,"Soul Rebel Lodge & Backpackers",biz.soulrebellodgebackpa.OPLebY@motorlink.test,soul_rebel_lodge_backpackers,"0989 18 57 07","Nkhata Bay",B7NEZbv#yV#J,http://www.soulrebelmalawi.com/,https://www.facebook.com/SoulRebel.LodgeBackpackers.Malawi,https://www.instagram.com/soulrebel.malawilodge,,,,yes,ChIJn9Q6bzRpHRkR-QBMwOPLebY
car_hire,"Sunshine Tours Nkhata Bay",biz.sunshinetoursnkhatab.lt7R48@motorlink.test,sunshine_tours_nkhata_bay,"0883 07 46 00","Nkhata Bay",zpp58cz8Msj7,,,,,,,yes,ChIJwRUgQsFpHRkRheXsLlt7R48
car_hire,"Nkhata Bay Port",biz.nkhatabayport.rhs6Iw@motorlink.test,nkhata_bay_port,,"Nkhata Bay",Bs794s@kXBFA,,,,,,,yes,ChIJrYJFiUBpHRkRTP1imrhs6Iw
car_hire,"Nkhata Bay Coach Station",biz.nkhatabaycoachstatio.iZ-HG4@motorlink.test,nkhata_bay_coach_station,,"Nkhata Bay",n5d3RrMg8vRC,,,,,,,yes,ChIJxz-ZDPdoHRkRF8vZsiZ-HG4
car_hire,"Puma Energy Mzimba",biz.pumaenergymzimba.2yUUPk@motorlink.test,puma_energy_mzimba,"0999 25 09 99",Mzimba,!eRAz3V7R8PJ,https://pumaenergy.com/country/malawi-2/,https://www.facebook.com/PumaEnergy,,,https://www.linkedin.com/company/puma-energy,,yes,ChIJ99R9OEn3HBkRY74rZ2yUUPk
car_hire,"Ekwendeni Rank",biz.ekwendenirank.pwWQWU@motorlink.test,ekwendeni_rank,,Ekwendeni,bqj37Ruja!!K,,,,,,,yes,ChIJOUqrFYkrHRkRrBCbTpwWQWU
car_hire,"Kapemba Car Wash",biz.kapembacarwash.yeamp0@motorlink.test,kapemba_car_wash,"0994 17 83 94",Ekwendeni,a2xNVgCC5xEC,,,,,,,yes,ChIJMf_Cp_wrHRkRMdeAyyeamp0
7SI@motorlink.test,mangochi_district_hospital_m,,Mangochi,CyCcRxGqtRZZ,,,,,,,yes,ChIJHROEkc3j3hgRp6KL8R077SI
car_hire,"Stachys Travel",biz.stachystravel.4uICTc@motorlink.test,stachys_travel,"0981 94 11 50",Mangochi,MUUBc5quazRF,https://www.fb.com/l/6lp1kJRRR,https://www.facebook.com/lite,,,,,yes,ChIJG_-Go1Hj3hgRUQppt4uICTc
car_hire,"Liwonde Safari Camp",biz.liwondesafaricamp.-S7JmE@motorlink.test,liwonde_safari_camp,"0992 81 32 40",Liwonde,RbgVFb8Qezqn,https://liwondesafaricamp.com/,,,,,https://wa.me/265992813240,yes,ChIJtxltc14n2RgR6-yf--S7JmE
car_hire,"Liwonde Taxi",biz.liwondetaxi.pTWn70@motorlink.test,liwonde_taxi,"0995 44 66 37",Liwonde,R!bMjanY4SkM,,,,,,,no,ChIJ86RlYXMn2RgRR3_z5pTWn70
car_hire,"Chikalimba properties",biz.chikalimbaproperties.mvvg1g@motorlink.test,chikalimba_properties,,Thyolo,bJBN@49BwH#u,,,,,,,no,ChIJqXm8wJIt2BgRsLwdjmvvg1g
car_hire,"Milan car rental",biz.milancarrental.nqDcUY@motorlink.test,milan_car_rental,,Lilongwe,XG3B7hshy24H,,,,,,,no,ChIJDcNoSgDTIRkRDut-jnqDcUY
car_hire,"Mulanje Mountain Tours and Travel",biz.mulanjemountaintours.U0US4s@motorlink.test,mulanje_mountain_tours_and_t,"0995 37 32 50",Mulanje,VhZq8ctH8aAT,http://www.mulanje-mountain-tours-and-travel.com/,,,,,,yes,ChIJySQ4dpvD2RgRGKYDOU0US4s
car_hire,"Mulanje Adventures",biz.mulanjeadventures.PkVv9Y@motorlink.test,mulanje_adventures,"0884 13 75 33",Mulanje,Grte3d!WtrdQ,http://www.mulanjeadventures.com/,,https://www.instagram.com/mulanjeadventures,,https://www.linkedin.com/in/william-j-a4394b65,https://wa.me/265884137533,yes,ChIJp-RUcADD2RgRZ83BfPkVv9Y
car_hire,"Mulanje Mountain Hikes and Travels",biz.mulanjemountainhikes.GsjEDw@motorlink.test,mulanje_mountain_hikes_and_t,,Mulanje,s5YMwz7X#X!B,,,,,,,yes,ChIJGekgbQDD2RgR3edDNGsjEDw
car_hire,"Mulanje Guides",biz.mulanjeguides.XbHdTE@motorlink.test,mulanje_guides,"0885 71 50 49",Lilongwe,MpqWYtRR6Se!,https://www.mulanjeguides.com/,,,,,,yes,ChIJmaigDGLD2RgRpKxmpXbHdTE
car_hire,"Trek Mulanje Tours",biz.trekmulanjetours.Fxs8m0@motorlink.test,trek_mulanje_tours,"0888 58 40 11",Mulanje,E6x5hE2sBa3U,http://www.trekmulanje.com/,https://www.facebook.com/Trek,,,,,yes,ChIJb4kxhHXD2RgRDWNubFxs8m0
car_hire,"Puma Energy Mulanje",biz.pumaenergymulanje.ftmgMw@motorlink.test,puma_energy_mulanje,"0999 25 09 99",Mulanje,uycnvAShRGHb,https://pumaenergy.com/country/malawi-2/,https://www.facebook.com/PumaEnergy,,,https://www.linkedin.com/company/puma-energy,,no,ChIJxTcoNFzc2RgRRsL1iftmgMw
car_hire,"Hot grills and car wash",biz.hotgrillsandcarwash.ca73uU@motorlink.test,hot_grills_and_car_wash,"0995 82 83 45",Mulanje,RuD7k42trnyu,,,,,,,yes,ChIJjxdPB47d2RgRb-ZYOca73uU
car_hire,"Mr bubbles car wash",biz.mrbubblescarwash.IiAXqc@motorlink.test,mr_bubbles_car_wash,"0883 24 24 37",Chikwawa,j65KZFsuHZYP,,,,,,,no,ChIJxwYfm1ZF2BgRGxMUoIiAXqc
car_hire,"Aeroportul Nsanje",biz.aeroportulnsanje.VKnr7Q@motorlink.test,aeroportul_nsanje,,Nsanje,FRRNx@G9mTvu,,,,,,,yes,ChIJ01fZU9H41hgRytMDeVKnr7Q
car_hire,Chingazi,biz.chingazi.vcIT-c@motorlink.test,chingazi,,Phalombe,bSQ37Z3pUxZW,,,,,,,yes,ChIJLbGpRQCT2RgR-kVSJvcIT-c
car_hire,"Monkey bay car rental & Taxi",biz.monkeybaycarrentalta.m7pPZE@motorlink.test,monkey_bay_car_rental_taxi,"0882 28 23 52","Monkey Bay",3d2ZnB7!ahuf,,,,,,,no,ChIJye5m1H293xgR5fAyhm7pPZE
car_hire,"Monkey Bay",biz.monkeybay.jOFXY0@motorlink.test,monkey_bay,,"Monkey Bay",cc5BEEWe5qEc,,,,,,,yes,ChIJRxugbya83xgRk58HwjOFXY0
car_hire,"Alpha Marine shipping service, Limbe.",biz.alphamarineshippings.Rxe014@motorlink.test,alpha_marine_shipping_servic,"6 75 24 40 93",Limbe,SA#F8MyGQ@UW,,,,,,,yes,ChIJP5v_-PPLZhARZZiQWRxe014
car_hire,"HIGH QUALITY AUTO SERVICE PARTS",biz.highqualityautoservi.66ZQck@motorlink.test,high_quality_auto_service_pa,"0999 52 03 68",Blantyre,hk#tAmk5GurQ,,,,,,,no,ChIJdUQ6fqRP2BgRFhg7D66ZQck
car_hire,"ETG, Limbe, Malawi",biz.etglimbemalawi.WEk9TA@motorlink.test,etg_limbe_malawi,"0184 26 69 70",Blantyre,TsASHvTqhUvZ,http://www.etgworld.com/,https://www.facebook.com/exporttrading,,,https://www.linkedin.com/company/export-trading-group,,no,ChIJV4OoHjhP2BgR4joCSWEk9TA
car_hire,"Tapuwa Enterprise",biz.tapuwaenterprise.IynLoY@motorlink.test,tapuwa_enterprise,"0884 82 30 08",Blantyre,rvSadQ8Th@mt,,,,,,,yes,ChIJbU8aQZlP2BgRhuJxWIynLoY
car_hire,"R & H CAR RENTALS",biz.rhcarrentals.dRYQ5o@motorlink.test,r_h_car_rentals,"0888 87 68 57",Blantyre,TJMbe!UXUeuP,,,,,,,yes,ChIJqS95MHVf2BgRoJDsXdRYQ5o
car_hire,"Siku Transport",biz.sikutransport.mjScJY@motorlink.test,siku_transport_2,,Blantyre,VGdHy5p8qSuc,,,,,,,no,ChIJ6QtFZwBF2BgR9uta6mjScJY
car_hire,"CM Bus Stage",biz.cmbusstage.rQ424o@motorlink.test,cm_bus_stage,"0994 66 79 26",Blantyre,nDDKtpsyw6py,,,,,,,yes,ChIJN9bbBBZb2BgRQU8ScrQ424o
car_hire,"AGS Worldwide Movers - Malawi, Blantyre",biz.agsworldwidemoversma.pKKQMg@motorlink.test,ags_worldwide_movers_malawi_,"0888 83 95 28",Blantyre,4kFGkDbhmn8M,http://www.agsmovers.com/branches/africa/malawi,,,,https://www.linkedin.com/company/ags-international-movers,,yes,ChIJK0Tt52dF2BgRggDSYpKKQMg
car_hire,Kamanjinga,biz.kamanjinga.DhX_Yw@motorlink.test,kamanjinga,"0997 37 61 04",Blantyre,!AQMJ8uCRR!R,,,,,,,no,ChIJddtxwg1P2BgRB9urmDhX_Yw
car_hire,"Wongani Car Wash & Cleaning Services",biz.wonganicarwashcleani.bzKKrU@motorlink.test,wongani_car_wash_cleaning_se,"0996 85 02 38",Blantyre,vcxZ!KBmcSPF,,,,,,,yes,ChIJycwQ6eZF2BgRNdWFzbzKKrU
car_hire,"Sunnyside Inn",biz.sunnysideinn.LLPtKM@motorlink.test,sunnyside_inn,,Blantyre,JUG4wddEyT!V,,,,,,,yes,ChIJhV0WpSVF2BgRSz-p-LLPtKM
car_hire,"Baobab Lodge and Spa Malawi",biz.baobablodgeandspamal.HGSA5o@motorlink.test,baobab_lodge_and_spa_malawi,"0888 11 74 56",Blantyre,akTRpZrf7aSg,http://www.baobablodgespa.com/,https://www.facebook.com/BaobabLodgeSpaMalawi,https://www.instagram.com/HouseofMarambo,,,,yes,ChIJr5ou1g1F2BgRPA8udHGSA5o
car_hire,"Kenya Airways",biz.kenyaairways.zCSGL8@motorlink.test,kenya_airways,"01 824 524",Blantyre,RYJXjvVmvNNj,https://www.kenya-airways.com/,https://www.facebook.com/officialkenyaairways,https://www.instagram.com/officialkenyaairways,https://twitter.com/KenyaAirways,https://www.linkedin.com/company/kenya-airways,,no,ChIJXy4gHQZF2BgRlgY-0zCSGL8
car_hire,"Chilomoni Nthukwa",biz.chilomoninthukwa.9FihRc@motorlink.test,chilomoni_nthukwa,"0889 79 02 96",Blantyre,9Ejuta!BEWpt,,,,,,,yes,ChIJv-bEXABF2BgR4iewq9FihRc
car_hire,"Safariway Travel",biz.safariwaytravel.vo8Xpw@motorlink.test,safariway_travel,"0999 78 45 51",Blantyre,VnBZbDaMddEz,,,,,,,no,ChIJ7VoQG4JF2BgRJcL2Zvo8Xpw
car_hire,"A.I Glamour Look",biz.aiglamourlook.HavaJ8@motorlink.test,a_i_glamour_look,"0888 15 19 06",Karonga,UUwz3r3DegUg,,,,,,,yes,ChIJf_vlLACFARkRI8ZMdHavaJ8
car_hire,"Nkhata-Bay Tax car",biz.nkhatabaytaxcar.6wfAgQ@motorlink.test,nkhata_bay_tax_car,"0997 18 79 00","Nkhata Bay",75VapEsggW@r,,,,,,,yes,ChIJkWdtFgBpHRkRzy72V6wfAgQ
car_hire,"TotalEnergies Rumphi Service Station",biz.totalenergiesrumphis.STZRKc@motorlink.test,totalenergies_rumphi_service,"0997 79 17 00",Rumphi,v68#7wHW@2Kd,https://mw.totalenergies.com/,,,,,,yes,ChIJoa-BIsI_AxkRE0RQLSTZRKc
car_hire,"Kwathlano Shuttle And Chauffeur Services",biz.kwathlanoshuttleandc.txkuS0@motorlink.test,kwathlano_shuttle_and_chauff,"012 430 3311",Lilongwe,#TyYnWd5V9mX,http://www.kwathlano.co.za/,https://www.facebook.com/kwathlano,,https://twitter.com/kwathlano,https://www.linkedin.com/company/kwathlano-transfers-tours-,,yes,ChIJDbelT-phlR4Riz_altxkuS0
car_hire,"Puma Energy Rumphi",biz.pumaenergyrumphi.LPQc1k@motorlink.test,puma_energy_rumphi,"0999 25 09 99",Lilongwe,bXwqypZgmbHz,https://pumaenergy.com/country/malawi-2/,https://www.facebook.com/PumaEnergy,,,https://www.linkedin.com/company/puma-energy,,no,ChIJbaFYhWTfAhkRuY0_fLPQc1k
car_hire,郑州飞彼达科技有限公司,biz..d1mtMc@motorlink.test,biz,"136 3344 8664",Chitipa,C5PQ2n6btZZ9,,,,,,,no,ChIJRVj6JXo7ARkR5R3htd1mtMc
car_hire,"Aeroportul Chitipa",biz.aeroportulchitipa.3ga9TE@motorlink.test,aeroportul_chitipa,,Chitipa,yrnuQXU5SueE,,,,,,,no,ChIJjZzuwZw6ARkR8Yf_93ga9TE
car_hire,"Transport service Cape Macler",biz.transportservicecape.n3a_Pk@motorlink.test,transport_service_cape_macle,"0995 19 21 70",Lilongwe,QsQxr5PVwc5z,,,,,,,yes,ChIJMbeOYQCV3xgR9qWB6n3a_Pk
car_hire,"MUNORURAMA BOOKINGS MZIMBA",biz.munoruramabookingsmz.rDlmq4@motorlink.test,munorurama_bookings_mzimba,,Mzimba,jFYNcT4RjTRE,,,,,,,yes,ChIJT2wcm8nxHBkRK26MlrDlmq4
car_hire,Mzimba,biz.mzimba.qBCCl8@motorlink.test,mzimba,,Mzimba,C27CpvaMN@D7,,,,,,,no,ChIJr4K9bwD3HBkRLLiHpqBCCl8
car_hire,Malaga,biz.malaga.a2kGOw@motorlink.test,malaga,,Mzimba,vDUPy#t@Xwfn,,,,,,,no,ChIJ9afUOAD3HBkRhfckVa2kGOw
car_hire,"Motorcycle Mechanic",biz.motorcyclemechanic.pmU0hg@motorlink.test,motorcycle_mechanic,,Mzimba,rvyDbf7CvDzJ,,,,,,,no,ChIJRZ-LeQDxHBkRfBSKipmU0hg
car_hire,"Four ways",biz.fourways.CNcaOw@motorlink.test,four_ways,,Lilongwe,4swcdFDdUujK,,,,,,,yes,ChIJi3KBAMwlHRkRVl7FkCNcaOw
car_hire,"TotalEnergies Ekwendeni Service Station",biz.totalenergiesekwende.ySxkcw@motorlink.test,totalenergies_ekwendeni_serv,"0888 86 44 34",Ekwendeni,yGEaBFwrcfef,https://mw.totalenergies.com/,,,,,,yes,ChIJuyzF7so3AxkRF1VEOySxkcw
car_hire,Ekwendeni,biz.ekwendeni.V5_3HA@motorlink.test,ekwendeni,,Ekwendeni,6bcKVR7mtXym,,,,,,,yes,ChIJ_dAAPPIrHRkRCotqMV5_3HA
car_hire,"Carlcare Service",biz.carlcareservice.ihlc4A@motorlink.test,carlcare_service,"0994 27 55 08",Mzuzu,FrBeMc@XvYp7,http://www.carlcare.com/,https://www.facebook.com/CarlcareService,https://www.instagram.com/carlcare_service,https://twitter.com/CarlcareGlobal,,https://wa.me/254114412908,yes,ChIJfRH14xs7HRkRuyUnEihlc4A
car_hire,"Bicycle repair",biz.bicyclerepair.X57yl4@motorlink.test,bicycle_repair,,Mzuzu,b6CbYEWK5pHy,,,,,,,no,ChIJsznbbQA7HRkRlj-PaX57yl4
